,index,DateTime,Environment:Site Outdoor Air Drybulb Temperature [C](Hourly),Environment:Site Outdoor Air Dewpoint Temperature [C](Hourly),Environment:Site Outdoor Air Relative Humidity [%](Hourly),ZONE1 PHIUSMELS:Electric Equipment Electricity Energy [J](Hourly),ZONE1 FRIDGE:Electric Equipment Electricity Energy [J](Hourly),ZONE1 RANGE:Electric Equipment Electricity Energy [J](Hourly),ZONE1 CLOTHESDRYER:Electric Equipment Electricity Energy [J](Hourly),ZONE1 CLOTHESWASHER:Electric Equipment Electricity Energy [J](Hourly),ZONE1 DISHWASHER:Electric Equipment Electricity Energy [J](Hourly),ZONE1 SIZINGSENSIBLE:Electric Equipment Electricity Energy [J](Hourly),ZONE1 SIZINGLATENT:Electric Equipment Electricity Energy [J](Hourly),ZONE1:Zone Mean Radiant Temperature [C](Hourly),ZONE1:Zone Operative Temperature [C](Hourly),ZONE1:Zone Mean Air Dewpoint Temperature [C](Hourly),ZONE1:Zone Ventilation Mass Flow Rate [kg/s](Hourly),ZONE1:Zone Air Temperature [C](Hourly),ZONE1:Zone Air Relative Humidity [%](Hourly),ZONE1:Zone Air CO2 Concentration [ppm](Hourly),Whole Building:Facility Total Purchased Electricity Energy [J](Hourly),Whole Building:Facility Total Surplus Electricity Energy [J](Hourly),ZONE1 OCCUPANTS:Zone Thermal Comfort Pierce Model Standard Effective Temperature [C](Hourly),ZONE1:Zone Heat Index [C](Hourly),BARANGESCHEDULE:Schedule Value [](Hourly),PHIUS_LIGHTING:Schedule Value [](Hourly),PHIUS_MELS:Schedule Value [](Hourly),COMBINEDDHWSCHEDULE:Schedule Value [](Hourly),BACLOTHESDRYERSCHEDULE:Schedule Value [](Hourly),BACLOTHESWASHERSCHEDULE:Schedule Value [](Hourly),BADISHWASHERSCHEDULE:Schedule Value [](Hourly),EXHAUSTFANSCHEDULE:Schedule Value [](Hourly),OCCUPANT_ACTIVITY_SCHEDULE:Schedule Value [](Hourly),OCCUPANT_EFF_SCHEDULE:Schedule Value [](Hourly),OCCUPANT_CLOTHING_SCHEDULE:Schedule Value [](Hourly),CO2_SCHEDULE:Schedule Value [](Hourly),OCCUPANTSCHEDULE:Schedule Value [](Hourly),MECHAVAILABLE:Schedule Value [](Hourly),NATVENT:Schedule Value [](Hourly),SCHNATVENT:Schedule Value [](Hourly),OUTAGECOOLING:Schedule Value [](Hourly),DEMAND CONTROL COOLING:Schedule Value [](Hourly),SHADINGAVAILABLE:Schedule Value [](Hourly),SIZINGLOADS:Schedule Value [](Hourly),WEATHER MORPH:Schedule Value [](Hourly),HVAC_ALWAYS_4:Schedule Value [](Hourly),PHIUS_68F:Schedule Value [](Hourly),DHW_122F:Schedule Value [](Hourly),PHIUS_77F:Schedule Value [](Hourly),HUMIDITY_SETPOINT:Schedule Value [](Hourly),AIRVELOCITYSCH:Schedule Value [](Hourly),ALWAYS_ON:Schedule Value [](Hourly),ALWAYS OFF:Schedule Value [](Hourly),ERVAVAILABLE:Schedule Value [](Hourly),ZONE1_WINDOWFRACTIONCONTROL:Schedule Value [](Hourly),ZONE1_TB SCHEDULE:Schedule Value [](Hourly),COUNT:Schedule Value [](Hourly),PHIUSEXTLIGHT:Exterior Lights Electricity Energy [J](Hourly) ,Date2,Time,Date
4800,4992,1900-07-20 00:00:00,23.375,15.25,60.875,0.0,118767.12328767125,0.0,0.0,0.0,0.0,0.0,0.0,25.228138844971376,24.72675456901857,15.008465733396235,3.9695843715811447,24.22537029306576,56.63429527993964,685.1428177941189,181020.60088767123,0.0,22.731888685120335,24.18203846661077,0.0,0.0,0.0,0.0,0.0,0.0,0.0,0.0,120.0,0.0,0.3,500.0,1.0,0.0,1.0,1.0,0.0,0.0,0.0,0.0,0.0,4.0,20.0,2.0,25.0,60.0,0.16,1.0,0.0,1.0,0.5,-1.0538511278292901,0.0,3600.0,07/20,00:00:00,07/20
4801,4993,1900-07-20 01:00:00,23.0,16.0,65.0,0.0,118767.12328767125,0.0,0.0,0.0,0.0,0.0,0.0,24.845004550247676,24.321949935649048,16.07627221942514,3.18882431368385,23.798895321050423,61.99284258647602,515.812318940345,181020.60088767123,0.0,22.372264247409205,23.852967734532076,0.0,0.0,0.0,0.0,0.0,0.0,0.0,0.0,120.0,0.0,0.3,500.0,1.0,0.0,1.0,1.0,0.0,0.0,0.0,0.0,0.0,4.0,20.0,2.0,25.0,60.0,0.16,1.0,0.0,1.0,0.5,-0.8693375929197886,0.0,3600.0,07/20,01:00:00,07/20
4802,4994,1900-07-20 02:00:00,22.187500000000004,16.0625,68.125,0.0,118767.12328767125,0.0,0.0,0.0,0.0,0.0,0.0,24.54499586438307,23.88730067885953,16.10152053189584,3.3089237551281787,23.22960549333598,64.30535523335847,513.0645035273174,181020.60088767123,0.0,21.95120169346451,23.28703381821519,0.0,0.0,0.0,0.0,0.0,0.0,0.0,0.0,120.0,0.0,0.3,500.0,1.0,0.0,1.0,1.0,0.0,0.0,0.0,0.0,0.0,4.0,20.0,2.0,25.0,60.0,0.16,1.0,0.0,1.0,0.5,-1.0810942081332557,0.0,3600.0,07/20,02:00:00,07/20
4803,4995,1900-07-20 03:00:00,21.8875,16.0375,69.375,0.0,118767.12328767125,0.0,0.0,0.0,0.0,0.0,0.0,24.14736101813151,23.532097788580636,16.08833747108202,3.128061534738932,22.91683455902976,65.46209113752606,514.3167432962887,181020.60088767123,0.0,21.57915717316811,22.973058171639156,0.0,0.0,0.0,0.0,0.0,0.0,0.0,0.0,120.0,0.0,0.3,500.0,1.0,0.0,1.0,1.0,0.0,0.0,0.0,0.0,0.0,4.0,20.0,2.0,25.0,60.0,0.16,1.0,0.0,1.0,0.5,-1.2519676343404484,0.0,3600.0,07/20,03:00:00,07/20
4804,4996,1900-07-20 04:00:00,22.0,16.0,69.0,0.0,118767.12328767125,0.0,0.0,0.0,0.0,0.0,0.0,23.89929040035513,23.50292845789978,16.14071000629059,1.988746915789573,23.106566515444428,64.89969437611902,519.9016291261484,101955.65123317509,21344.9679982394,21.51614741648469,23.16725488438894,0.0,0.0,0.0,0.0,0.0,0.0,0.0,0.0,120.0,0.0,0.3,500.0,1.0,0.0,1.0,1.0,0.0,0.0,0.0,0.0,0.0,4.0,20.0,2.0,25.0,60.0,0.16,1.0,0.0,1.0,0.25,-0.8782839537252674,0.0,1800.0,07/20,04:00:00,07/20
4805,4997,1900-07-20 05:00:00,22.625,16.625,69.0,0.0,118767.12328767125,0.0,0.0,0.0,0.0,0.0,0.0,24.172478093916876,24.19153742461178,16.57040143554104,0.0,24.21059675530669,62.37997867264643,597.6848895419707,0.0,311471.9473237737,22.174980614662047,24.31602254062313,0.0,0.0,0.0,0.0,0.0,0.0,0.0,0.0,120.0,0.0,0.3,500.0,1.0,0.0,1.0,1.0,0.0,0.0,0.0,0.0,0.0,4.0,20.0,2.0,25.0,60.0,0.16,1.0,0.0,1.0,0.0,-1.6651999865568685,0.0,0.0,07/20,05:00:00,07/20
4806,4998,1900-07-20 06:00:00,24.875,17.0,62.125,0.0,118767.12328767125,0.0,0.0,0.0,0.0,0.0,0.0,24.68692935610163,24.79247333725554,17.2537983681063,0.0,24.898017318409455,62.519206853992095,699.4740053246685,0.0,762189.1281367715,22.829164166713483,25.075820562549083,0.0,0.0,0.0,0.0,0.0,0.0,0.0,0.5,120.0,0.0,0.3,500.0,1.0,0.0,1.0,1.0,0.0,0.0,0.0,0.0,0.0,4.0,20.0,2.0,25.0,60.0,0.16,1.0,0.0,1.0,0.0,-0.6079298040575241,0.0,0.0,07/20,06:00:00,07/20
4807,4999,1900-07-20 07:00:00,27.25,17.0,53.625,0.0,118767.12328767125,0.0,0.0,0.0,0.0,0.0,0.0,25.20845447018051,25.37261022963765,17.826528150651775,0.0,25.53676598909479,62.40344807407883,773.3268652415614,0.0,2024681.909537304,23.51474051329214,25.77542150993855,0.0,0.0,0.0,0.0,0.0,0.0,0.0,0.0,120.0,0.0,0.3,500.0,1.0,0.0,1.0,1.0,0.0,0.0,0.0,0.0,0.0,4.0,20.0,2.0,25.0,60.0,0.16,1.0,0.0,1.0,0.0,1.3624736699195996,0.0,0.0,07/20,07:00:00,07/20
4808,5000,1900-07-20 08:00:00,28.875,17.5,50.375,0.0,118767.12328767125,0.0,0.0,0.0,0.0,0.0,0.0,25.64711202202305,25.847100266156808,18.284197917963304,0.0,26.047088510290564,62.312319041491975,816.8423971521966,0.0,2376913.169962736,24.08610561144353,26.33439680295858,0.0,0.0,0.0,0.0,0.0,0.0,0.0,0.0,120.0,0.0,0.3,500.0,1.0,0.0,1.0,1.0,0.0,0.0,0.0,0.0,0.0,4.0,20.0,2.0,25.0,60.0,0.16,1.0,0.0,1.0,0.0,2.587970175348538,0.0,0.0,07/20,08:00:00,07/20
4809,5001,1900-07-20 09:00:00,30.4,19.175,51.25,0.0,118767.12328767125,0.0,0.0,0.0,0.0,0.0,0.0,25.93043987756283,26.15398729369508,18.91311141584292,0.0,26.377534709827327,63.56388378045718,838.2746425361637,0.0,1599654.529625529,24.50351971095098,26.730567368410888,0.0,0.0,0.0,0.0,0.0,0.0,0.0,0.0,120.0,0.0,0.3,500.0,1.0,0.0,1.0,1.0,0.0,0.0,0.0,0.0,0.0,4.0,20.0,2.0,25.0,60.0,0.16,1.0,0.0,1.0,0.0,3.709148072967018,0.0,0.0,07/20,09:00:00,07/20
4810,5002,1900-07-20 10:00:00,31.625,20.625,52.0,0.0,118767.12328767125,0.0,0.0,0.0,0.0,0.0,0.0,26.3886971156236,26.646556168667978,19.835635197384526,0.0,26.90441522171235,65.26391597260364,843.0134827811324,0.0,3587267.570087404,25.19292971173893,28.341788079051227,0.0,0.0,0.0,0.0,0.0,0.0,0.0,0.0,120.0,0.0,0.3,500.0,1.0,0.0,1.0,1.0,0.0,0.0,0.0,0.0,0.0,4.0,20.0,2.0,25.0,60.0,0.16,1.0,0.0,1.0,0.0,4.614724278750438,0.0,0.0,07/20,10:00:00,07/20
4811,5003,1900-07-20 11:00:00,32.625,21.0,50.125,0.0,118767.12328767125,0.0,0.0,0.0,0.0,0.0,0.0,26.883792915103427,27.15915272079705,20.7291056087136,0.0,27.434512526490664,66.8579339219661,841.3420952655515,0.0,5641942.859046629,25.93523835819384,29.297029314842977,0.0,0.0,0.0,0.0,0.0,0.0,0.0,0.0,120.0,0.0,0.3,500.0,1.0,0.0,1.0,1.0,0.0,0.0,0.0,0.0,0.0,4.0,20.0,2.0,25.0,60.0,0.16,1.0,0.0,1.0,0.0,5.065914506358234,0.0,0.0,07/20,11:00:00,07/20
4812,5004,1900-07-20 12:00:00,27.375,21.0,70.25,0.0,118767.12328767125,0.0,0.0,0.0,0.0,0.0,0.0,27.2385212526142,27.372817893536237,21.449107662936218,0.0,27.50711453445827,69.59866500397058,829.403367515347,0.0,4929345.946084466,26.362769922196172,29.693392404742735,0.0,0.0,0.0,0.0,0.0,0.0,0.0,0.0,120.0,0.0,0.3,500.0,1.0,0.0,1.0,1.0,0.0,0.0,0.0,0.0,0.0,4.0,20.0,2.0,25.0,60.0,0.16,1.0,0.0,1.0,0.0,2.022118501365667,0.0,0.0,07/20,12:00:00,07/20
4813,5005,1900-07-20 13:00:00,25.25,21.625,80.5,0.0,118767.12328767125,0.0,0.0,0.0,0.0,0.0,0.0,27.14755605403743,27.145459502516907,21.92400942478454,0.0,27.14336295099638,73.17822204955397,804.2435386205459,0.0,1095733.6929220185,26.24959000043278,29.39319640621336,0.0,0.0,0.0,0.0,0.0,0.0,0.0,0.0,120.0,0.0,0.3,500.0,1.0,0.0,1.0,1.0,0.0,0.0,0.0,0.0,0.0,4.0,20.0,2.0,25.0,60.0,0.16,1.0,0.0,1.0,0.0,-2.397431501802995,0.0,0.0,07/20,13:00:00,07/20
4814,5006,1900-07-20 14:00:00,27.125,22.5,75.875,0.0,118767.12328767125,0.0,0.0,0.0,0.0,0.0,0.0,27.13290044333916,27.2063696531962,22.50895130497365,0.0,27.27983886305323,75.22840749060333,841.785968052092,0.0,1337325.557764866,26.467316158053855,29.86268120678571,0.0,0.0,0.0,0.0,0.0,0.0,0.0,0.0,120.0,0.0,0.3,500.0,1.0,0.0,1.0,1.0,0.0,0.0,0.0,0.0,0.0,4.0,20.0,2.0,25.0,60.0,0.16,1.0,0.0,1.0,0.0,-0.5642463889602745,0.0,0.0,07/20,14:00:00,07/20
4815,5007,1900-07-20 15:00:00,28.55,22.3,69.0,0.0,118767.12328767125,0.0,0.0,0.0,0.0,0.0,0.0,27.41976920319975,27.560764218246867,23.04535173154027,0.0,27.701759233293984,75.81907537375986,865.8504965667407,0.0,2689081.99468254,27.032225399416927,30.815937741726334,0.0,0.0,0.0,0.0,0.0,0.0,0.0,0.0,120.0,0.0,0.3,500.0,1.0,0.0,1.0,1.0,0.0,0.0,0.0,0.0,0.0,4.0,20.0,2.0,25.0,60.0,0.16,1.0,0.0,1.0,0.0,0.6507775272729592,0.0,0.0,07/20,15:00:00,07/20
4816,5008,1900-07-20 16:00:00,29.0,20.75,61.0,0.0,118767.12328767125,0.0,0.0,0.0,0.0,0.0,0.0,27.413101107899816,27.54947035699661,23.22748846735605,0.0,27.68583960609341,76.7301331462183,879.1045655103467,0.0,591121.0465990822,27.07937372891284,30.89626597652525,0.0,0.0,0.0,0.0,0.0,0.0,0.0,0.0,120.0,0.0,0.3,500.0,1.0,0.0,1.0,1.0,0.0,0.0,0.0,0.0,0.0,4.0,20.0,2.0,25.0,60.0,0.16,1.0,0.0,1.0,0.0,1.2811523146402255,0.0,0.0,07/20,16:00:00,07/20
4817,5009,1900-07-20 17:00:00,28.375,21.875,68.0,0.0,118767.12328767125,0.0,0.0,0.0,0.0,0.0,0.0,27.483070312941095,27.600072197541365,23.287313386753027,0.0,27.71707408214163,76.86805139899305,908.3530456242928,0.0,542536.2106378843,27.16290885172704,30.98425767613184,0.0,0.0,0.0,0.0,0.0,0.0,0.0,0.0,120.0,0.0,0.3,500.0,1.0,0.0,1.0,1.0,0.0,0.0,0.0,0.0,0.0,4.0,20.0,2.0,25.0,60.0,0.16,1.0,0.0,1.0,0.0,0.9266959014935788,0.0,0.0,07/20,17:00:00,07/20
4818,5010,1900-07-20 18:00:00,28.0,23.0,74.0,0.0,118767.12328767125,0.0,0.0,0.0,0.0,0.0,0.0,27.54336255392084,27.64817883382267,23.753537339430757,0.0,27.752995113724488,78.89574453223729,962.188311776702,2817.4647871605052,122175.15625118508,27.38740599056494,31.33840918200628,0.0,0.0,0.0,0.0,0.0,0.0,0.0,0.5,120.0,0.0,0.3,500.0,1.0,0.0,1.0,1.0,0.0,0.0,0.0,0.0,0.0,4.0,20.0,2.0,25.0,60.0,0.16,1.0,0.0,1.0,0.0,0.2509395659271742,0.0,0.0,07/20,18:00:00,07/20
4819,5011,1900-07-20 19:00:00,27.375,20.5,66.5,0.0,118767.12328767125,0.0,0.0,0.0,0.0,0.0,0.0,27.398603437776735,27.49776727782684,24.133733009036614,0.0,27.59693111787694,81.45682154651243,1032.5278284474416,158712.89024250524,0.0,27.349550661588175,31.303797056477933,0.0,0.0,0.0,0.0,0.0,0.0,0.0,0.0,120.0,0.0,0.3,500.0,1.0,0.0,1.0,1.0,0.0,0.0,0.0,0.0,0.0,4.0,20.0,2.0,25.0,60.0,0.16,1.0,0.0,1.0,0.0,-0.0293846126568873,0.0,2700.0,07/20,19:00:00,07/20
4820,5012,1900-07-20 20:00:00,25.75,18.5625,64.5,0.0,118767.12328767125,0.0,0.0,0.0,0.0,0.0,0.0,27.209016550167224,27.002412914485408,21.577286593447464,2.523131505215159,26.79580927880359,73.44261983304396,807.144234399706,181020.60088767123,0.0,26.17105938819143,28.71832464282538,0.0,0.0,0.0,0.0,0.0,0.0,0.0,0.0,120.0,0.0,0.3,500.0,1.0,0.0,1.0,1.0,0.0,0.0,0.0,0.0,0.0,4.0,20.0,2.0,25.0,60.0,0.16,1.0,0.0,1.0,0.25,-0.749179222571934,0.0,3600.0,07/20,20:00:00,07/20
4821,5013,1900-07-20 21:00:00,24.375,18.7375,71.0,0.0,118767.12328767125,0.0,0.0,0.0,0.0,0.0,0.0,26.77369122066199,26.087169851725303,18.739773828025637,5.486563601305841,25.400648482788608,66.69297350598917,515.0937245124366,181020.60088767123,0.0,24.57373418824192,25.7374686975418,0.0,0.0,0.0,0.0,0.0,0.0,0.0,0.0,120.0,0.0,0.3,500.0,1.0,0.0,1.0,1.0,0.0,0.0,0.0,0.0,0.0,4.0,20.0,2.0,25.0,60.0,0.16,1.0,0.0,1.0,0.5,-1.0270270183161756,0.0,3600.0,07/20,21:00:00,07/20
4822,5014,1900-07-20 22:00:00,24.625,20.25,76.5,0.0,118767.12328767125,0.0,0.0,0.0,0.0,0.0,0.0,26.385140181772808,25.806763007335906,19.955392137702184,5.024355921084965,25.228385832899015,72.66426076305609,512.584440488369,181020.60088767123,0.0,24.40787327448922,25.70386587935797,0.0,0.0,0.0,0.0,0.0,0.0,0.0,0.0,120.0,0.0,0.3,500.0,1.0,0.0,1.0,1.0,0.0,0.0,0.0,0.0,0.0,4.0,20.0,2.0,25.0,60.0,0.16,1.0,0.0,1.0,0.5,-1.09435280674336,0.0,3600.0,07/20,22:00:00,07/20
4823,5015,1900-07-20 23:00:00,25.0,21.0,78.0,0.0,118767.12328767125,0.0,0.0,0.0,0.0,0.0,0.0,26.18650130194022,25.98160751702229,20.832520628749243,2.183182160554587,25.77671373210436,74.21524546241764,528.8906182945318,181020.60088767123,0.0,24.682766442065983,26.34772441851766,0.0,0.0,0.0,0.0,0.0,0.0,0.0,0.0,120.0,0.0,0.3,500.0,1.0,0.0,1.0,1.0,0.0,0.0,0.0,0.0,0.0,4.0,20.0,2.0,25.0,60.0,0.16,1.0,0.0,1.0,0.25,-0.7693387952029971,0.0,3600.0,07/20,23:00:00,07/20
4824,5016,1900-07-21 00:00:00,25.0,21.0,78.0,0.0,118767.12328767125,0.0,0.0,0.0,0.0,0.0,0.0,26.03244252603307,25.805684272249646,20.966226547241945,2.2818316107580654,25.57892601846623,75.69739393253573,513.2402957040458,181020.60088767123,0.0,24.49905178385251,26.168881950430013,0.0,0.0,0.0,0.0,0.0,0.0,0.0,0.0,120.0,0.0,0.3,500.0,1.0,0.0,1.0,1.0,0.0,0.0,0.0,0.0,0.0,4.0,20.0,2.0,25.0,60.0,0.16,1.0,0.0,1.0,0.25,-0.6388644001591475,0.0,3600.0,07/21,00:00:00,07/21
4825,5017,1900-07-21 01:00:00,24.375,20.375,78.0,0.0,118767.12328767125,0.0,0.0,0.0,0.0,0.0,0.0,25.88552750879284,25.41807889793797,20.433970260916624,3.636898451013381,24.9506302870831,76.04329575712345,502.5193426187051,181020.60088767123,0.0,23.99370955562979,25.486782803723287,0.0,0.0,0.0,0.0,0.0,0.0,0.0,0.0,120.0,0.0,0.3,500.0,1.0,0.0,1.0,1.0,0.0,0.0,0.0,0.0,0.0,4.0,20.0,2.0,25.0,60.0,0.16,1.0,0.0,1.0,0.5,-0.8287127275389254,0.0,3600.0,07/21,01:00:00,07/21
4826,5018,1900-07-21 02:00:00,23.9375,20.375,80.5,0.0,118767.12328767125,0.0,0.0,0.0,0.0,0.0,0.0,25.584866160898276,25.19925328988232,20.36603789062872,1.5505320763235981,24.81364041886635,76.36391052404856,515.8485075377611,181020.60088767123,0.0,23.69974285486522,25.34429181533748,0.0,0.0,0.0,0.0,0.0,0.0,0.0,0.0,120.0,0.0,0.3,500.0,1.0,0.0,1.0,1.0,0.0,0.0,0.0,0.0,0.0,4.0,20.0,2.0,25.0,60.0,0.16,1.0,0.0,1.0,0.5,-0.8226507301951473,0.0,3600.0,07/21,02:00:00,07/21
4827,5019,1900-07-21 03:00:00,23.3375,19.6,79.5,0.0,118767.12328767125,0.0,0.0,0.0,0.0,0.0,0.0,25.35949012597317,24.84385842069244,19.99344883037724,1.91709923801494,24.32822671541171,76.79898232737281,516.0542816693311,181020.60088767123,0.0,23.25459092161424,24.82190082878188,0.0,0.0,0.0,0.0,0.0,0.0,0.0,0.0,120.0,0.0,0.3,500.0,1.0,0.0,1.0,1.0,0.0,0.0,0.0,0.0,0.0,4.0,20.0,2.0,25.0,60.0,0.16,1.0,0.0,1.0,0.5,-1.0593596007128347,0.0,3600.0,07/21,03:00:00,07/21
4828,5020,1900-07-21 04:00:00,23.0,19.0,78.0,0.0,118767.12328767125,0.0,0.0,0.0,0.0,0.0,0.0,25.04545151289261,24.65094900134232,19.12775535297692,1.316464418874438,24.25644648979203,73.1142004692941,521.9076155732575,100716.19586829412,23795.04557238394,22.906172880660357,24.6465784120302,0.0,0.0,0.0,0.0,0.0,0.0,0.0,0.0,120.0,0.0,0.3,500.0,1.0,0.0,1.0,1.0,0.0,0.0,0.0,0.0,0.0,4.0,20.0,2.0,25.0,60.0,0.16,1.0,0.0,1.0,0.25,-1.03125432131366,0.0,1800.0,07/21,04:00:00,07/21
4829,5021,1900-07-21 05:00:00,23.0,18.375,74.875,0.0,118767.12328767125,0.0,0.0,0.0,0.0,0.0,0.0,25.1909999464957,25.19011456038929,19.40006120855731,0.0,25.189229174282882,70.30299240849547,600.6510734635162,0.0,342525.2411537776,23.49721475895624,25.59939689348856,0.0,0.0,0.0,0.0,0.0,0.0,0.0,0.0,120.0,0.0,0.3,500.0,1.0,0.0,1.0,1.0,0.0,0.0,0.0,0.0,0.0,4.0,20.0,2.0,25.0,60.0,0.16,1.0,0.0,1.0,0.0,-2.0697137739324383,0.0,0.0,07/21,05:00:00,07/21
4830,5022,1900-07-21 06:00:00,24.25,18.0,68.0,0.0,118767.12328767125,0.0,0.0,0.0,0.0,0.0,0.0,25.48945310871565,25.56228917067998,19.728404456448477,0.0,25.63512523264431,69.87572879065027,702.9100992418178,0.0,901586.1774574872,23.96058760129185,26.078726229886836,0.0,0.0,0.0,0.0,0.0,0.0,0.0,0.5,120.0,0.0,0.3,500.0,1.0,0.0,1.0,1.0,0.0,0.0,0.0,0.0,0.0,4.0,20.0,2.0,25.0,60.0,0.16,1.0,0.0,1.0,0.0,-1.778424284647496,0.0,0.0,07/21,06:00:00,07/21
4831,5023,1900-07-21 07:00:00,26.25,18.625,63.125,0.0,118767.12328767125,0.0,0.0,0.0,0.0,0.0,0.0,25.905757514893786,26.029826601771656,20.04708078861108,0.0,26.153895688649527,69.11435765928462,783.5470355919811,0.0,2026797.485852921,24.544103011066767,26.629493485284687,0.0,0.0,0.0,0.0,0.0,0.0,0.0,0.0,120.0,0.0,0.3,500.0,1.0,0.0,1.0,1.0,0.0,0.0,0.0,0.0,0.0,4.0,20.0,2.0,25.0,60.0,0.16,1.0,0.0,1.0,0.0,-0.265134981640541,0.0,0.0,07/21,07:00:00,07/21
4832,5024,1900-07-21 08:00:00,28.1875,20.3125,62.625,0.0,118767.12328767125,0.0,0.0,0.0,0.0,0.0,0.0,26.430954022800208,26.60195733208341,20.50059909092078,0.0,26.772960641366613,68.5312839426793,831.0098922697322,0.0,3394805.651204999,25.275136340372534,28.13302225833023,0.0,0.0,0.0,0.0,0.0,0.0,0.0,0.0,120.0,0.0,0.3,500.0,1.0,0.0,1.0,1.0,0.0,0.0,0.0,0.0,0.0,4.0,20.0,2.0,25.0,60.0,0.16,1.0,0.0,1.0,0.0,1.088463285769369,0.0,0.0,07/21,08:00:00,07/21
4833,5025,1900-07-21 09:00:00,29.5875,21.6625,62.375,0.0,118767.12328767125,0.0,0.0,0.0,0.0,0.0,0.0,26.82140217037252,27.005975024174894,21.25314765642696,0.0,27.19054787797728,70.04124815297547,858.7080095551948,0.0,3193216.369788437,25.88939985787016,29.189811445419053,0.0,0.0,0.0,0.0,0.0,0.0,0.0,0.0,120.0,0.0,0.3,500.0,1.0,0.0,1.0,1.0,0.0,0.0,0.0,0.0,0.0,4.0,20.0,2.0,25.0,60.0,0.16,1.0,0.0,1.0,0.0,2.2215017726319024,0.0,0.0,07/21,09:00:00,07/21
4834,5026,1900-07-21 10:00:00,30.625,22.0,60.125,0.0,118767.12328767125,0.0,0.0,0.0,0.0,0.0,0.0,27.31068417996785,27.496804759272596,21.99319701827183,0.0,27.68292533857733,71.2026437094676,891.353190776387,0.0,5586423.546545383,26.6315791864682,30.21026468757307,0.0,0.0,0.0,0.0,0.0,0.0,0.0,0.0,120.0,0.0,0.3,500.0,1.0,0.0,1.0,1.0,0.0,0.0,0.0,0.0,0.0,4.0,20.0,2.0,25.0,60.0,0.16,1.0,0.0,1.0,0.0,2.8076134729189617,0.0,0.0,07/21,10:00:00,07/21
4835,5027,1900-07-21 11:00:00,32.25,21.375,52.75,0.0,118767.12328767125,0.0,0.0,0.0,0.0,0.0,0.0,27.74032495589064,27.92840038774056,22.582841377386654,0.0,28.116475819590484,71.96125200017902,959.7668764068478,0.0,5692983.8756803,27.29058169788412,31.17195142027444,0.0,0.0,0.0,0.0,0.0,0.0,0.0,0.0,120.0,0.0,0.3,500.0,1.0,0.0,1.0,1.0,0.0,0.0,0.0,0.0,0.0,4.0,20.0,2.0,25.0,60.0,0.16,1.0,0.0,1.0,0.0,3.747361615181309,0.0,0.0,07/21,11:00:00,07/21
4836,5028,1900-07-21 12:00:00,31.1875,20.0625,51.5,0.0,118767.12328767125,0.0,0.0,0.0,0.0,0.0,0.0,28.027765201637894,28.194367188168517,22.880744707498057,0.0,28.360969174699136,72.2387664283237,996.749769332859,0.0,2883259.2096946863,27.68807548234713,31.726454750333637,0.0,0.0,0.0,0.0,0.0,0.0,0.0,0.0,120.0,0.0,0.3,500.0,1.0,0.0,1.0,1.0,0.0,0.0,0.0,0.0,0.0,4.0,20.0,2.0,25.0,60.0,0.16,1.0,0.0,1.0,0.0,3.572887062241782,0.0,0.0,07/21,12:00:00,07/21
4837,5029,1900-07-21 13:00:00,28.1625,18.5625,56.125,0.0,118767.12328767125,0.0,0.0,0.0,0.0,0.0,0.0,28.15122305780416,28.24320808401447,22.91302617585255,0.0,28.335193110224772,72.4886274528821,1023.4223790610728,0.0,1713319.9493800537,27.76743183096418,31.71008208895469,0.0,0.0,0.0,0.0,0.0,0.0,0.0,0.0,120.0,0.0,0.3,500.0,1.0,0.0,1.0,1.0,0.0,0.0,0.0,0.0,0.0,4.0,20.0,2.0,25.0,60.0,0.16,1.0,0.0,1.0,0.0,0.5897176656216097,0.0,0.0,07/21,13:00:00,07/21
4838,5030,1900-07-21 14:00:00,26.812500000000004,18.1875,59.25,0.0,118767.12328767125,0.0,0.0,0.0,0.0,0.0,0.0,28.292346210196452,28.33905108727631,22.672087946628963,0.0,28.38575596435617,71.22951705150511,1029.3834958442096,0.0,2029317.955698172,27.801565011034576,31.62105418333276,0.0,0.0,0.0,0.0,0.0,0.0,0.0,0.0,120.0,0.0,0.3,500.0,1.0,0.0,1.0,1.0,0.0,0.0,0.0,0.0,0.0,4.0,20.0,2.0,25.0,60.0,0.16,1.0,0.0,1.0,0.0,-1.4784439138929049,0.0,0.0,07/21,14:00:00,07/21
4839,5031,1900-07-21 15:00:00,27.5125,18.1125,56.875,0.0,118767.12328767125,0.0,0.0,0.0,0.0,0.0,0.0,28.310903356580468,28.357512590357494,22.297182913662326,0.0,28.404121824134528,69.55110129664641,1010.7359708314442,0.0,1242382.92353539,27.703840827646676,31.40015407982395,0.0,0.0,0.0,0.0,0.0,0.0,0.0,0.0,120.0,0.0,0.3,500.0,1.0,0.0,1.0,1.0,0.0,0.0,0.0,0.0,0.0,4.0,20.0,2.0,25.0,60.0,0.16,1.0,0.0,1.0,0.0,-1.199287487962657,0.0,0.0,07/21,15:00:00,07/21
4840,5032,1900-07-21 16:00:00,28.0,18.0,55.0,0.0,118767.12328767125,0.0,0.0,0.0,0.0,0.0,0.0,28.537994406243303,28.61717937358924,22.075322737595982,0.0,28.69636434093518,67.46303033657823,1007.6559594659676,0.0,1721378.0442526028,27.9088811840457,31.65507214981801,0.0,0.0,0.0,0.0,0.0,0.0,0.0,0.0,120.0,0.0,0.3,500.0,1.0,0.0,1.0,1.0,0.0,0.0,0.0,0.0,0.0,4.0,20.0,2.0,25.0,60.0,0.16,1.0,0.0,1.0,0.0,-0.6131928521075141,0.0,0.0,07/21,16:00:00,07/21
4841,5033,1900-07-21 17:00:00,28.625,18.0,53.125,0.0,118767.12328767125,0.0,0.0,0.0,0.0,0.0,0.0,28.73052885984572,28.82447950627742,22.147610965923366,0.0,28.918430152709128,66.89357950865768,1040.0923849129786,0.0,516296.7291193251,28.14993228835268,32.00303376246079,0.0,0.0,0.0,0.0,0.0,0.0,0.0,0.0,120.0,0.0,0.3,500.0,1.0,0.0,1.0,1.0,0.0,0.0,0.0,0.0,0.0,4.0,20.0,2.0,25.0,60.0,0.16,1.0,0.0,1.0,0.0,-0.5035287099549786,0.0,0.0,07/21,17:00:00,07/21
4842,5034,1900-07-21 18:00:00,29.0,18.0,52.0,0.0,118767.12328767125,0.0,0.0,0.0,0.0,0.0,0.0,28.77552495525958,28.868030940134297,22.32395582001926,0.0,28.960536925009016,67.45127729585985,1081.6629477304057,7327.798077725088,90228.74582848971,28.25355396807067,32.18440937008108,0.0,0.0,0.0,0.0,0.0,0.0,0.0,0.5,120.0,0.0,0.3,500.0,1.0,0.0,1.0,1.0,0.0,0.0,0.0,0.0,0.0,4.0,20.0,2.0,25.0,60.0,0.16,1.0,0.0,1.0,0.0,0.033317006419038,0.0,0.0,07/21,18:00:00,07/21
4843,5035,1900-07-21 19:00:00,27.125,18.625,60.125,0.0,118767.12328767125,0.0,0.0,0.0,0.0,0.0,0.0,28.524987155163416,28.31607826738199,20.80914230069424,2.633661480490654,28.10716937960056,64.66434410073452,831.2887141130961,161039.0892579776,0.0,27.347216514941625,30.355608931374643,0.0,0.0,0.0,0.0,0.0,0.0,0.0,0.0,120.0,0.0,0.3,500.0,1.0,0.0,1.0,1.0,0.0,0.0,0.0,0.0,0.0,4.0,20.0,2.0,25.0,60.0,0.16,1.0,0.0,1.0,0.25,-0.4687313552842553,0.0,2700.0,07/21,19:00:00,07/21
4844,5036,1900-07-21 20:00:00,25.75,19.25,67.5,0.0,118767.12328767125,0.0,0.0,0.0,0.0,0.0,0.0,28.031518050642,27.36272688648637,19.28503271674292,6.37064277727106,26.69393572233074,63.91618113556668,518.598303368005,181020.60088767123,0.0,26.04509572038988,27.55194426119503,0.0,0.0,0.0,0.0,0.0,0.0,0.0,0.0,120.0,0.0,0.3,500.0,1.0,0.0,1.0,1.0,0.0,0.0,0.0,0.0,0.0,4.0,20.0,2.0,25.0,60.0,0.16,1.0,0.0,1.0,0.5,-1.1345327647858605,0.0,3600.0,07/21,20:00:00,07/21
4845,5037,1900-07-21 21:00:00,24.6,19.15,72.125,0.0,118767.12328767125,0.0,0.0,0.0,0.0,0.0,0.0,27.51917424552439,26.691488698030383,19.35757692194039,6.557219564271347,25.863803150536388,67.46658979309443,512.2286811040626,181020.60088767123,0.0,25.36068856042481,26.49547607697152,0.0,0.0,0.0,0.0,0.0,0.0,0.0,0.0,120.0,0.0,0.3,500.0,1.0,0.0,1.0,1.0,0.0,0.0,0.0,0.0,0.0,4.0,20.0,2.0,25.0,60.0,0.16,1.0,0.0,1.0,0.5,-1.251854911022022,0.0,3600.0,07/21,21:00:00,07/21
4846,5038,1900-07-21 22:00:00,24.0,19.625,76.5,0.0,118767.12328767125,0.0,0.0,0.0,0.0,0.0,0.0,26.96964302005495,26.082073144358827,19.534132155693705,4.861266939212136,25.194503268662707,70.99998895019122,512.7087204925645,181020.60088767123,0.0,24.71810038466821,25.622772161952366,0.0,0.0,0.0,0.0,0.0,0.0,0.0,0.0,120.0,0.0,0.3,500.0,1.0,0.0,1.0,1.0,0.0,0.0,0.0,0.0,0.0,4.0,20.0,2.0,25.0,60.0,0.16,1.0,0.0,1.0,0.5,-1.5823590876976033,0.0,3600.0,07/21,22:00:00,07/21
4847,5039,1900-07-21 23:00:00,24.0,19.375,75.5,0.0,118767.12328767125,0.0,0.0,0.0,0.0,0.0,0.0,26.558448059608946,25.799269489844587,19.58660473954008,3.99605572489416,25.04009092008023,71.83916873551388,513.5689818582358,181020.60088767123,0.0,24.378252911459423,25.47508028576116,0.0,0.0,0.0,0.0,0.0,0.0,0.0,0.0,120.0,0.0,0.3,500.0,1.0,0.0,1.0,1.0,0.0,0.0,0.0,0.0,0.0,4.0,20.0,2.0,25.0,60.0,0.16,1.0,0.0,1.0,0.5,-1.3481586866529325,0.0,3600.0,07/21,23:00:00,07/21
4848,5040,1900-07-22 00:00:00,23.375,19.625,79.625,0.0,118767.12328767125,0.0,0.0,0.0,0.0,0.0,0.0,26.197498759773257,25.37857508121979,19.573599469546487,4.720878568364132,24.55965140266633,73.90558967151159,513.0154267192888,181020.60088767123,0.0,23.8945914489627,25.00045635570531,0.0,0.0,0.0,0.0,0.0,0.0,0.0,0.0,120.0,0.0,0.3,500.0,1.0,0.0,1.0,1.0,0.0,0.0,0.0,0.0,0.0,4.0,20.0,2.0,25.0,60.0,0.16,1.0,0.0,1.0,0.5,-1.2692512600558787,0.0,3600.0,07/22,00:00:00,07/22
4849,5041,1900-07-22 01:00:00,23.0,19.375,79.875,0.0,118767.12328767125,0.0,0.0,0.0,0.0,0.0,0.0,25.805967754586025,24.98484731526897,19.55164621565028,3.8291649043979943,24.163726875951895,75.561272154501,513.6838711169553,181020.60088767123,0.0,23.42535926834202,24.608164930621424,0.0,0.0,0.0,0.0,0.0,0.0,0.0,0.0,120.0,0.0,0.3,500.0,1.0,0.0,1.0,1.0,0.0,0.0,0.0,0.0,0.0,4.0,20.0,2.0,25.0,60.0,0.16,1.0,0.0,1.0,0.5,-1.4685642231883875,0.0,3600.0,07/22,01:00:00,07/22
4850,5042,1900-07-22 02:00:00,22.500000000000004,19.25,81.75,0.0,118767.12328767125,0.0,0.0,0.0,0.0,0.0,0.0,25.46209043900276,24.62564805337231,19.23541668012153,3.8279453297051855,23.789205667741854,75.7885727938284,513.8118659431291,181020.60088767123,0.0,22.966248961557454,24.202061124580304,0.0,0.0,0.0,0.0,0.0,0.0,0.0,0.0,120.0,0.0,0.3,500.0,1.0,0.0,1.0,1.0,0.0,0.0,0.0,0.0,0.0,4.0,20.0,2.0,25.0,60.0,0.16,1.0,0.0,1.0,0.5,-1.4087938776873585,0.0,3600.0,07/22,02:00:00,07/22
4851,5043,1900-07-22 03:00:00,22.075,19.15,83.375,0.0,118767.12328767125,0.0,0.0,0.0,0.0,0.0,0.0,25.121957561814916,24.3124327713312,19.25868756209097,2.296041154523536,23.50290798084749,77.20936851787391,516.4915292530305,181020.60088767123,0.0,22.60668851524437,23.92421471825556,0.0,0.0,0.0,0.0,0.0,0.0,0.0,0.0,120.0,0.0,0.3,500.0,1.0,0.0,1.0,1.0,0.0,0.0,0.0,0.0,0.0,4.0,20.0,2.0,25.0,60.0,0.16,1.0,0.0,1.0,0.5,-1.664078924731757,0.0,3600.0,07/22,03:00:00,07/22
4852,5044,1900-07-22 04:00:00,22.0,18.375,79.875,0.0,118767.12328767125,0.0,0.0,0.0,0.0,0.0,0.0,24.884436531444848,24.11474403658244,18.64651773934281,2.0487183366254182,23.345051541720036,75.00913125229894,517.6757536558241,104206.10531354026,16824.012928847606,22.339041816745542,23.693252742469173,0.0,0.0,0.0,0.0,0.0,0.0,0.0,0.0,120.0,0.0,0.3,500.0,1.0,0.0,1.0,1.0,0.0,0.0,0.0,0.0,0.0,4.0,20.0,2.0,25.0,60.0,0.16,1.0,0.0,1.0,0.5,-1.6037725963458795,0.0,1800.0,07/22,04:00:00,07/22
4853,5045,1900-07-22 05:00:00,22.625,18.0,74.875,0.0,118767.12328767125,0.0,0.0,0.0,0.0,0.0,0.0,25.06823453298351,24.95713736642879,18.65557292662576,0.0,24.846040199874068,68.510674056733,571.5321946948026,0.0,288087.9288280515,23.16577113936065,25.17503971624328,0.0,0.0,0.0,0.0,0.0,0.0,0.0,0.0,120.0,0.0,0.3,500.0,1.0,0.0,1.0,1.0,0.0,0.0,0.0,0.0,0.0,4.0,20.0,2.0,25.0,60.0,0.16,1.0,0.0,1.0,0.0,-2.418834928317227,0.0,0.0,07/22,05:00:00,07/22
4854,5046,1900-07-22 06:00:00,24.875,18.0,65.5,0.0,118767.12328767125,0.0,0.0,0.0,0.0,0.0,0.0,25.597116788040097,25.674837367584136,19.10698313265378,0.0,25.752557947128174,66.75931706034379,676.4799575788492,0.0,747369.4899574819,24.008605011247244,26.126529242861086,0.0,0.0,0.0,0.0,0.0,0.0,0.0,0.5,120.0,0.0,0.3,500.0,1.0,0.0,1.0,1.0,0.0,0.0,0.0,0.0,0.0,4.0,20.0,2.0,25.0,60.0,0.16,1.0,0.0,1.0,0.0,-1.4716001041500197,0.0,0.0,07/22,06:00:00,07/22
4855,5047,1900-07-22 07:00:00,26.0,18.625,63.5,0.0,118767.12328767125,0.0,0.0,0.0,0.0,0.0,0.0,26.14311028631801,26.25254688573637,19.504908716508893,0.0,26.36198348515472,66.01125682485758,753.9696765201347,0.0,2109765.6072525056,24.71638559357928,26.7773646507637,0.0,0.0,0.0,0.0,0.0,0.0,0.0,0.0,120.0,0.0,0.3,500.0,1.0,0.0,1.0,1.0,0.0,0.0,0.0,0.0,0.0,4.0,20.0,2.0,25.0,60.0,0.16,1.0,0.0,1.0,0.0,-0.2260589187321802,0.0,0.0,07/22,07:00:00,07/22
4856,5048,1900-07-22 08:00:00,26.750000000000004,19.25,63.125,0.0,118767.12328767125,0.0,0.0,0.0,0.0,0.0,0.0,26.66687834565504,26.788208821082453,19.970018087228937,0.0,26.909539296509877,65.78915859976897,803.8002415109873,0.0,3559743.849171267,25.39061326469088,28.384360318304573,0.0,0.0,0.0,0.0,0.0,0.0,0.0,0.0,120.0,0.0,0.3,500.0,1.0,0.0,1.0,1.0,0.0,0.0,0.0,0.0,0.0,4.0,20.0,2.0,25.0,60.0,0.16,1.0,0.0,1.0,0.0,-0.3183758665836871,0.0,0.0,07/22,08:00:00,07/22
4857,5049,1900-07-22 09:00:00,27.075,19.15,62.0,0.0,118767.12328767125,0.0,0.0,0.0,0.0,0.0,0.0,27.130205162359236,27.246768454129086,20.4090302863578,0.0,27.36333174589893,65.82438780980779,839.4586356588914,0.0,4026755.264426477,25.980851663349828,29.07917777135732,0.0,0.0,0.0,0.0,0.0,0.0,0.0,0.0,120.0,0.0,0.3,500.0,1.0,0.0,1.0,1.0,0.0,0.0,0.0,0.0,0.0,4.0,20.0,2.0,25.0,60.0,0.16,1.0,0.0,1.0,0.0,-0.1377551178963321,0.0,0.0,07/22,09:00:00,07/22
4858,5050,1900-07-22 10:00:00,27.0,19.0,62.0,0.0,118767.12328767125,0.0,0.0,0.0,0.0,0.0,0.0,27.56661534053521,27.6746604873,20.73164085864566,0.0,27.78270563406479,65.52097539230898,867.9167098232458,0.0,5648015.924404775,26.51867590950848,29.72825000598941,0.0,0.0,0.0,0.0,0.0,0.0,0.0,0.0,120.0,0.0,0.3,500.0,1.0,0.0,1.0,1.0,0.0,0.0,0.0,0.0,0.0,4.0,20.0,2.0,25.0,60.0,0.16,1.0,0.0,1.0,0.0,-0.6805658182198995,0.0,0.0,07/22,10:00:00,07/22
4859,5051,1900-07-22 11:00:00,27.625,19.0,59.5,0.0,118767.12328767125,0.0,0.0,0.0,0.0,0.0,0.0,27.94215104328238,28.04682186815648,20.99737314511126,0.0,28.151492693030587,65.18481879002722,894.2116420548614,0.0,6619367.39362586,26.983246435082766,30.314590303011435,0.0,0.0,0.0,0.0,0.0,0.0,0.0,0.0,120.0,0.0,0.3,500.0,1.0,0.0,1.0,1.0,0.0,0.0,0.0,0.0,0.0,4.0,20.0,2.0,25.0,60.0,0.16,1.0,0.0,1.0,0.0,-0.6876048635758396,0.0,0.0,07/22,11:00:00,07/22
4860,5052,1900-07-22 12:00:00,28.0,19.0,58.0,0.0,118767.12328767125,0.0,0.0,0.0,0.0,0.0,0.0,28.27987469074871,28.37745826907453,21.169233394667657,0.0,28.475041847400348,64.6490603843774,908.0935017317572,0.0,6618445.428330692,27.37947107436141,30.811508598450867,0.0,0.0,0.0,0.0,0.0,0.0,0.0,0.0,120.0,0.0,0.3,500.0,1.0,0.0,1.0,1.0,0.0,0.0,0.0,0.0,0.0,4.0,20.0,2.0,25.0,60.0,0.16,1.0,0.0,1.0,0.0,-0.3983579680576961,0.0,0.0,07/22,12:00:00,07/22
4861,5053,1900-07-22 13:00:00,28.625,18.375,54.25,0.0,118767.12328767125,0.0,0.0,0.0,0.0,0.0,0.0,28.61802383539632,28.720366114483852,21.277170963215145,0.0,28.822708393571386,63.78074529883037,919.9132969180396,0.0,6254597.303578166,27.76601073744192,31.30856594189312,0.0,0.0,0.0,0.0,0.0,0.0,0.0,0.0,120.0,0.0,0.3,500.0,1.0,0.0,1.0,1.0,0.0,0.0,0.0,0.0,0.0,4.0,20.0,2.0,25.0,60.0,0.16,1.0,0.0,1.0,0.0,-0.3540403938131584,0.0,0.0,07/22,13:00:00,07/22
4862,5054,1900-07-22 14:00:00,29.25,17.875,50.75,0.0,118767.12328767125,0.0,0.0,0.0,0.0,0.0,0.0,28.95410721886064,29.062873824332048,21.269758794374464,0.0,29.17164042980346,62.477534814414454,931.2664288035044,0.0,5141455.163430051,28.1146753681057,31.735988200046627,0.0,0.0,0.0,0.0,0.0,0.0,0.0,0.0,120.0,0.0,0.3,500.0,1.0,0.0,1.0,1.0,0.0,0.0,0.0,0.0,0.0,4.0,20.0,2.0,25.0,60.0,0.16,1.0,0.0,1.0,0.0,0.0581690164447215,0.0,0.0,07/22,14:00:00,07/22
4863,5055,1900-07-22 15:00:00,29.15,17.3,48.75,0.0,118767.12328767125,0.0,0.0,0.0,0.0,0.0,0.0,29.24745786992001,29.34410127872994,21.257005319262976,0.0,29.440744687539876,61.46700519936623,951.6101034357632,0.0,3574643.198042523,28.39899124858625,32.05738232642963,0.0,0.0,0.0,0.0,0.0,0.0,0.0,0.0,120.0,0.0,0.3,500.0,1.0,0.0,1.0,1.0,0.0,0.0,0.0,0.0,0.0,4.0,20.0,2.0,25.0,60.0,0.16,1.0,0.0,1.0,0.0,-0.1330048949588889,0.0,0.0,07/22,15:00:00,07/22
4864,5056,1900-07-22 16:00:00,28.375,17.0,49.875,0.0,118767.12328767125,0.0,0.0,0.0,0.0,0.0,0.0,29.474441428880425,29.538734576271263,21.00867163773126,0.0,29.603027723662105,59.97416932502343,950.3128012610435,0.0,1809943.0078921744,28.528902709939505,32.0874441230105,0.0,0.0,0.0,0.0,0.0,0.0,0.0,0.0,120.0,0.0,0.3,500.0,1.0,0.0,1.0,1.0,0.0,0.0,0.0,0.0,0.0,4.0,20.0,2.0,25.0,60.0,0.16,1.0,0.0,1.0,0.0,-0.9451883143195534,0.0,0.0,07/22,16:00:00,07/22
4865,5057,1900-07-22 17:00:00,28.0,17.625,53.5,0.0,118767.12328767125,0.0,0.0,0.0,0.0,0.0,0.0,29.60414415030979,29.65809252302013,20.81713358014792,0.0,29.712040895730468,58.899482177720415,942.2907382026088,0.0,470545.85434533725,28.594452011021904,32.089978320074145,0.0,0.0,0.0,0.0,0.0,0.0,0.0,0.0,120.0,0.0,0.3,500.0,1.0,0.0,1.0,1.0,0.0,0.0,0.0,0.0,0.0,4.0,20.0,2.0,25.0,60.0,0.16,1.0,0.0,1.0,0.0,-1.6902214950157433,0.0,0.0,07/22,17:00:00,07/22
4866,5058,1900-07-22 18:00:00,26.75,18.0,58.75,0.0,118767.12328767125,0.0,0.0,0.0,0.0,0.0,0.0,29.557582733290214,29.574740425458227,20.95698797755965,0.0,29.59189811762624,59.82181452707229,953.3322805466156,8539.195778594893,80026.68449561566,28.556190064688465,32.03960239899644,0.0,0.0,0.0,0.0,0.0,0.0,0.0,0.5,120.0,0.0,0.3,500.0,1.0,0.0,1.0,1.0,0.0,0.0,0.0,0.0,0.0,4.0,20.0,2.0,25.0,60.0,0.16,1.0,0.0,1.0,0.0,-2.409019978865095,0.0,0.0,07/22,18:00:00,07/22
4867,5059,1900-07-22 19:00:00,24.75,17.375,63.5,0.0,118767.12328767125,0.0,0.0,0.0,0.0,0.0,0.0,29.11712317006716,28.47043004431842,19.290724458934363,2.7653904685839046,27.823736918569665,59.86294067008527,747.1428219462359,161695.10965598508,0.0,27.21958593198035,29.266860212593198,0.0,0.0,0.0,0.0,0.0,0.0,0.0,0.0,120.0,0.0,0.3,500.0,1.0,0.0,1.0,1.0,0.0,0.0,0.0,0.0,0.0,4.0,20.0,2.0,25.0,60.0,0.16,1.0,0.0,1.0,0.25,-2.966473870163714,0.0,2700.0,07/22,19:00:00,07/22
4868,5060,1900-07-22 20:00:00,23.9375,17.125,65.625,0.0,118767.12328767125,0.0,0.0,0.0,0.0,0.0,0.0,28.22522045125274,26.981876767469288,17.19650751287336,4.425174927757853,25.738533083685837,59.470782680284735,515.8238469556343,181020.60088767123,0.0,25.415981891572617,26.19596383207686,0.0,0.0,0.0,0.0,0.0,0.0,0.0,0.0,120.0,0.0,0.3,500.0,1.0,0.0,1.0,1.0,0.0,0.0,0.0,0.0,0.0,4.0,20.0,2.0,25.0,60.0,0.16,1.0,0.0,1.0,0.5,-2.350353865336324,0.0,3600.0,07/22,20:00:00,07/22
4869,5061,1900-07-22 21:00:00,23.9625,16.45,62.875,0.0,118767.12328767125,0.0,0.0,0.0,0.0,0.0,0.0,27.53082153368107,26.50607690229364,16.73137920361731,3.265217957732297,25.48133227090621,58.55380818076446,514.048514199585,181020.60088767123,0.0,24.830298902296093,25.61324770583848,0.0,0.0,0.0,0.0,0.0,0.0,0.0,0.0,120.0,0.0,0.3,500.0,1.0,0.0,1.0,1.0,0.0,0.0,0.0,0.0,0.0,4.0,20.0,2.0,25.0,60.0,0.16,1.0,0.0,1.0,0.5,-1.9934271596013649,0.0,3600.0,07/22,21:00:00,07/22
4870,5062,1900-07-22 22:00:00,23.375,16.0,63.5,0.0,118767.12328767125,0.0,0.0,0.0,0.0,0.0,0.0,27.003309527217727,26.085152316934742,16.187538280769253,1.9508310925362096,25.16699510665176,57.59210439071306,517.2283400631709,181020.60088767123,0.0,24.315185258132505,25.242567206157464,0.0,0.0,0.0,0.0,0.0,0.0,0.0,0.0,120.0,0.0,0.3,500.0,1.0,0.0,1.0,1.0,0.0,0.0,0.0,0.0,0.0,4.0,20.0,2.0,25.0,60.0,0.16,1.0,0.0,1.0,0.5,-1.931006484931164,0.0,3600.0,07/22,22:00:00,07/22
4871,5063,1900-07-22 23:00:00,23.0,16.0,65.0,0.0,118767.12328767125,0.0,0.0,0.0,0.0,0.0,0.0,26.55072795129139,25.690733310740242,16.18470982424811,1.415104548991815,24.83073867018911,58.739426328129966,519.9656297936638,181020.60088767123,0.0,23.88714124091941,24.90265509897016,0.0,0.0,0.0,0.0,0.0,0.0,0.0,0.0,120.0,0.0,0.3,500.0,1.0,0.0,1.0,1.0,0.0,0.0,0.0,0.0,0.0,4.0,20.0,2.0,25.0,60.0,0.16,1.0,0.0,1.0,0.5,-2.182571368582347,0.0,3600.0,07/22,23:00:00,07/22
4872,5064,1900-07-23 00:00:00,22.375,16.0,67.5,0.0,118767.12328767125,0.0,0.0,0.0,0.0,0.0,0.0,26.141166110640857,25.261371434753038,16.17571997936129,1.424111176094616,24.381576758865215,60.318107379872416,520.0374928291247,181020.60088767123,0.0,23.429323350231584,24.44968175714131,0.0,0.0,0.0,0.0,0.0,0.0,0.0,0.0,120.0,0.0,0.3,500.0,1.0,0.0,1.0,1.0,0.0,0.0,0.0,0.0,0.0,4.0,20.0,2.0,25.0,60.0,0.16,1.0,0.0,1.0,0.5,-2.113722591178759,0.0,3600.0,07/23,00:00:00,07/23
4873,5065,1900-07-23 01:00:00,22.625,16.625,69.0,0.0,118767.12328767125,0.0,0.0,0.0,0.0,0.0,0.0,25.75448648434572,24.90379972358788,16.556382653024215,1.6749999100937083,24.05311296283004,63.02815417498317,518.6780006743146,181020.60088767123,0.0,23.06226961347027,24.159082442439093,0.0,0.0,0.0,0.0,0.0,0.0,0.0,0.0,120.0,0.0,0.3,500.0,1.0,0.0,1.0,1.0,0.0,0.0,0.0,0.0,0.0,4.0,20.0,2.0,25.0,60.0,0.16,1.0,0.0,1.0,0.5,-2.0179972831091684,0.0,3600.0,07/23,01:00:00,07/23
4874,5066,1900-07-23 02:00:00,22.500000000000004,16.125,67.125,0.0,118767.12328767125,0.0,0.0,0.0,0.0,0.0,0.0,25.442357712564416,24.64829229086835,16.413676597199746,2.643329770649908,23.85422686917228,63.17984029164282,515.8780363052534,181020.60088767123,0.0,22.771875482479103,23.94451887834477,0.0,0.0,0.0,0.0,0.0,0.0,0.0,0.0,120.0,0.0,0.3,500.0,1.0,0.0,1.0,1.0,0.0,0.0,0.0,0.0,0.0,4.0,20.0,2.0,25.0,60.0,0.16,1.0,0.0,1.0,0.5,-1.4440178068268148,0.0,3600.0,07/23,02:00:00,07/23
4875,5067,1900-07-23 03:00:00,22.075,16.475,70.375,0.0,118767.12328767125,0.0,0.0,0.0,0.0,0.0,0.0,25.11678008931861,24.279591700030544,16.289674084919405,2.5760851408867813,23.442403310742478,64.29151986862138,515.7287727414056,181020.60088767123,0.0,22.38365205829725,23.52036367584666,0.0,0.0,0.0,0.0,0.0,0.0,0.0,0.0,120.0,0.0,0.3,500.0,1.0,0.0,1.0,1.0,0.0,0.0,0.0,0.0,0.0,4.0,20.0,2.0,25.0,60.0,0.16,1.0,0.0,1.0,0.5,-1.616006772622182,0.0,3600.0,07/23,03:00:00,07/23
4876,5068,1900-07-23 04:00:00,22.0,17.625,76.125,0.0,118767.12328767125,0.0,0.0,0.0,0.0,0.0,0.0,24.87493170039036,24.136740650345796,17.411396537455225,1.6777179179553956,23.39854960030123,69.19853247278672,518.3661557714328,103178.05306167912,18980.432956989287,22.27657767788392,23.600237103718246,0.0,0.0,0.0,0.0,0.0,0.0,0.0,0.0,120.0,0.0,0.3,500.0,1.0,0.0,1.0,1.0,0.0,0.0,0.0,0.0,0.0,4.0,20.0,2.0,25.0,60.0,0.16,1.0,0.0,1.0,0.5,-1.6296638690456104,0.0,1800.0,07/23,04:00:00,07/23
4877,5069,1900-07-23 05:00:00,22.625,18.0,74.875,0.0,118767.12328767125,0.0,0.0,0.0,0.0,0.0,0.0,25.09125750230838,25.023108446953817,17.931821459487203,0.0,24.954959391599253,65.04044661657906,576.7591675545191,0.0,308872.5767093907,23.16327210307415,25.204250713248264,0.0,0.0,0.0,0.0,0.0,0.0,0.0,0.0,120.0,0.0,0.3,500.0,1.0,0.0,1.0,1.0,0.0,0.0,0.0,0.0,0.0,4.0,20.0,2.0,25.0,60.0,0.16,1.0,0.0,1.0,0.0,-2.512941929200116,0.0,0.0,07/23,05:00:00,07/23
4878,5070,1900-07-23 06:00:00,24.25,18.0,68.0,0.0,118767.12328767125,0.0,0.0,0.0,0.0,0.0,0.0,25.58763779705405,25.664771928781,18.563972089823448,0.0,25.74190606050795,64.57151290933207,691.3669822128447,0.0,832174.6234195703,23.928039961532008,26.05768617030241,0.0,0.0,0.0,0.0,0.0,0.0,0.0,0.5,120.0,0.0,0.3,500.0,1.0,0.0,1.0,1.0,0.0,0.0,0.0,0.0,0.0,4.0,20.0,2.0,25.0,60.0,0.16,1.0,0.0,1.0,0.0,-1.8788584312675656,0.0,0.0,07/23,06:00:00,07/23
4879,5071,1900-07-23 07:00:00,25.625,18.0,62.5,0.0,118767.12328767125,0.0,0.0,0.0,0.0,0.0,0.0,25.99359844771829,26.08901314306895,19.149040999022493,0.0,26.18442783841961,65.24535139504877,791.9645343315161,0.0,1445685.0477644023,24.47621891778273,26.562054797576735,0.0,0.0,0.0,0.0,0.0,0.0,0.0,0.0,120.0,0.0,0.3,500.0,1.0,0.0,1.0,1.0,0.0,0.0,0.0,0.0,0.0,4.0,20.0,2.0,25.0,60.0,0.16,1.0,0.0,1.0,0.0,-0.7159857754304957,0.0,0.0,07/23,07:00:00,07/23
4880,5072,1900-07-23 08:00:00,25.375,18.5625,66.0,0.0,118767.12328767125,0.0,0.0,0.0,0.0,0.0,0.0,26.157545725884013,26.243525238027814,19.7105928628934,0.0,26.32950475017163,66.99044940899572,883.5509266954984,0.0,692807.5100952933,24.73396782475596,26.7672058486459,0.0,0.0,0.0,0.0,0.0,0.0,0.0,0.0,120.0,0.0,0.3,500.0,1.0,0.0,1.0,1.0,0.0,0.0,0.0,0.0,0.0,4.0,20.0,2.0,25.0,60.0,0.16,1.0,0.0,1.0,0.0,-0.6940584724334613,0.0,0.0,07/23,08:00:00,07/23
4881,5073,1900-07-23 09:00:00,26.25,18.3375,62.125,0.0,118767.12328767125,0.0,0.0,0.0,0.0,0.0,0.0,26.371890092671958,26.45111088477103,20.127832127784,0.0,26.530331676870116,67.93444078262297,927.6573836134552,0.0,1612115.3619475544,25.039519302804337,27.26753282430322,0.0,0.0,0.0,0.0,0.0,0.0,0.0,0.0,120.0,0.0,0.3,500.0,1.0,0.0,1.0,1.0,0.0,0.0,0.0,0.0,0.0,4.0,20.0,2.0,25.0,60.0,0.16,1.0,0.0,1.0,0.0,-0.6844652385640471,0.0,0.0,07/23,09:00:00,07/23
4882,5074,1900-07-23 10:00:00,27.625,18.625,58.0,0.0,118767.12328767125,0.0,0.0,0.0,0.0,0.0,0.0,26.857885037536455,26.989724628729746,20.43408853503108,0.0,27.121564219923048,66.86763758560278,963.5722777766118,0.0,4271610.822093965,25.6940023054518,28.791561120379814,0.0,0.0,0.0,0.0,0.0,0.0,0.0,0.0,120.0,0.0,0.3,500.0,1.0,0.0,1.0,1.0,0.0,0.0,0.0,0.0,0.0,4.0,20.0,2.0,25.0,60.0,0.16,1.0,0.0,1.0,0.0,0.3944999066325136,0.0,0.0,07/23,10:00:00,07/23
4883,5075,1900-07-23 11:00:00,28.0,19.0,58.0,0.0,118767.12328767125,0.0,0.0,0.0,0.0,0.0,0.0,27.12340189004425,27.249104907516003,20.763113265049597,0.0,27.374807924987767,67.2323583490238,985.036761101117,0.0,1957655.837753928,26.05237794258023,29.23142900267132,0.0,0.0,0.0,0.0,0.0,0.0,0.0,0.0,120.0,0.0,0.3,500.0,1.0,0.0,1.0,1.0,0.0,0.0,0.0,0.0,0.0,4.0,20.0,2.0,25.0,60.0,0.16,1.0,0.0,1.0,0.0,0.6618794298488853,0.0,0.0,07/23,11:00:00,07/23
4884,5076,1900-07-23 12:00:00,28.0,19.625,60.5,0.0,118767.12328767125,0.0,0.0,0.0,0.0,0.0,0.0,27.326667734635745,27.4392645712658,21.03485884922849,0.0,27.551861407895853,67.66111075638194,985.1258831730928,0.0,1588946.0417447705,26.328486652088607,29.572515417218252,0.0,0.0,0.0,0.0,0.0,0.0,0.0,0.0,120.0,0.0,0.3,500.0,1.0,0.0,1.0,1.0,0.0,0.0,0.0,0.0,0.0,4.0,20.0,2.0,25.0,60.0,0.16,1.0,0.0,1.0,0.0,0.496465226638608,0.0,0.0,07/23,12:00:00,07/23
4885,5077,1900-07-23 13:00:00,28.0,20.0,62.0,0.0,118767.12328767125,0.0,0.0,0.0,0.0,0.0,0.0,27.5552187978612,27.66309915610548,21.380168220965416,0.0,27.77097951434976,68.23113547148334,984.4834683551252,0.0,1790832.8722571868,26.664920940777503,30.01969584522821,0.0,0.0,0.0,0.0,0.0,0.0,0.0,0.0,120.0,0.0,0.3,500.0,1.0,0.0,1.0,1.0,0.0,0.0,0.0,0.0,0.0,4.0,20.0,2.0,25.0,60.0,0.16,1.0,0.0,1.0,0.0,0.2803392435729055,0.0,0.0,07/23,13:00:00,07/23
4886,5078,1900-07-23 14:00:00,28.1875,20.375,62.625,0.0,118767.12328767125,0.0,0.0,0.0,0.0,0.0,0.0,27.670971095519103,27.774296074141574,21.668664134203695,0.0,27.87762105276405,69.01635932040031,970.0223331152412,0.0,1101838.398625061,26.8672237446006,30.30866837695647,0.0,0.0,0.0,0.0,0.0,0.0,0.0,0.0,120.0,0.0,0.3,500.0,1.0,0.0,1.0,1.0,0.0,0.0,0.0,0.0,0.0,4.0,20.0,2.0,25.0,60.0,0.16,1.0,0.0,1.0,0.0,0.2556853118409794,0.0,0.0,07/23,14:00:00,07/23
4887,5079,1900-07-23 15:00:00,28.7375,20.85,62.375,0.0,118767.12328767125,0.0,0.0,0.0,0.0,0.0,0.0,27.79036856064524,27.90367531559862,22.00672128947268,0.0,28.016982070551997,69.88617953546171,956.4545501282086,0.0,1104084.0327971587,27.10069496507315,30.685072739785255,0.0,0.0,0.0,0.0,0.0,0.0,0.0,0.0,120.0,0.0,0.3,500.0,1.0,0.0,1.0,1.0,0.0,0.0,0.0,0.0,0.0,4.0,20.0,2.0,25.0,60.0,0.16,1.0,0.0,1.0,0.0,0.581891180708495,0.0,0.0,07/23,15:00:00,07/23
4888,5080,1900-07-23 16:00:00,29.0,21.0,62.0,0.0,118767.12328767125,0.0,0.0,0.0,0.0,0.0,0.0,27.82703163093319,27.94574208455813,22.39569790579608,0.0,28.06445253818308,71.36473817672831,965.6620704066154,0.0,530019.8208881234,27.25728566621696,30.97925606058516,0.0,0.0,0.0,0.0,0.0,0.0,0.0,0.0,120.0,0.0,0.3,500.0,1.0,0.0,1.0,1.0,0.0,0.0,0.0,0.0,0.0,4.0,20.0,2.0,25.0,60.0,0.16,1.0,0.0,1.0,0.0,0.9348275940046512,0.0,0.0,07/23,16:00:00,07/23
4889,5081,1900-07-23 17:00:00,28.375,21.0,64.5,0.0,118767.12328767125,0.0,0.0,0.0,0.0,0.0,0.0,27.8075708831365,27.91377014961859,22.693399621174564,0.0,28.019969416100675,72.85498401708833,975.7508581489152,0.0,187623.72670619603,27.316608744224236,31.09496720714242,0.0,0.0,0.0,0.0,0.0,0.0,0.0,0.0,120.0,0.0,0.3,500.0,1.0,0.0,1.0,1.0,0.0,0.0,0.0,0.0,0.0,4.0,20.0,2.0,25.0,60.0,0.16,1.0,0.0,1.0,0.0,0.5897585636105056,0.0,0.0,07/23,17:00:00,07/23
4890,5082,1900-07-23 18:00:00,28.0,21.0,66.0,0.0,118767.12328767125,0.0,0.0,0.0,0.0,0.0,0.0,27.82258280111185,27.918173587047015,22.872723979699963,0.0,28.013764372982184,73.67745005801855,970.2286751766942,5732.304539035392,81702.27344073307,27.38442071119259,31.197621909544747,0.0,0.0,0.0,0.0,0.0,0.0,0.0,0.5,120.0,0.0,0.3,500.0,1.0,0.0,1.0,1.0,0.0,0.0,0.0,0.0,0.0,4.0,20.0,2.0,25.0,60.0,0.16,1.0,0.0,1.0,0.0,-0.01008418274498,0.0,0.0,07/23,18:00:00,07/23
4891,5083,1900-07-23 19:00:00,27.375,21.625,71.0,0.0,118767.12328767125,0.0,0.0,0.0,0.0,0.0,0.0,27.710158996168445,27.79912172139785,23.06813954504808,0.0,27.88808444662726,75.10445575125563,968.586956454192,181020.60088767123,0.0,27.317524422965747,31.123962223872766,0.0,0.0,0.0,0.0,0.0,0.0,0.0,0.0,120.0,0.0,0.3,500.0,1.0,0.0,1.0,1.0,0.0,0.0,0.0,0.0,0.0,4.0,20.0,2.0,25.0,60.0,0.16,1.0,0.0,1.0,0.0,-0.3116502950149229,0.0,3600.0,07/23,19:00:00,07/23
4892,5084,1900-07-23 20:00:00,27.125000000000004,21.812500000000004,72.75,0.0,118767.12328767125,0.0,0.0,0.0,0.0,0.0,0.0,27.60386387808852,27.68340099900816,23.347288323679187,0.0,27.7629381199278,76.94103104764075,968.6568768872224,181020.60088767123,0.0,27.279416910590744,31.09616119345417,0.0,0.0,0.0,0.0,0.0,0.0,0.0,0.0,120.0,0.0,0.3,500.0,1.0,0.0,1.0,1.0,0.0,0.0,0.0,0.0,0.0,4.0,20.0,2.0,25.0,60.0,0.16,1.0,0.0,1.0,0.0,-0.7075897222335392,0.0,3600.0,07/23,20:00:00,07/23
4893,5085,1900-07-23 21:00:00,27.075,21.8875,73.25,0.0,118767.12328767125,0.0,0.0,0.0,0.0,0.0,0.0,27.50407236946282,27.592317750129876,23.57967528877213,0.0,27.680563130796926,78.40338403712596,977.7125948438756,181020.60088767123,0.0,27.250903690548384,31.10187118539197,0.0,0.0,0.0,0.0,0.0,0.0,0.0,0.0,120.0,0.0,0.3,500.0,1.0,0.0,1.0,1.0,0.0,0.0,0.0,0.0,0.0,4.0,20.0,2.0,25.0,60.0,0.16,1.0,0.0,1.0,0.0,-0.5798337825976683,0.0,3600.0,07/23,21:00:00,07/23
4894,5086,1900-07-23 22:00:00,26.375,22.0,77.125,0.0,118767.12328767125,0.0,0.0,0.0,0.0,0.0,0.0,27.37167272195382,27.19417876948832,22.69798342995048,2.8943314886119613,27.01668481702282,77.31942044929902,689.320606670314,181020.60088767123,0.0,26.584823680093947,29.07464197286996,0.0,0.0,0.0,0.0,0.0,0.0,0.0,0.0,120.0,0.0,0.3,500.0,1.0,0.0,1.0,1.0,0.0,0.0,0.0,0.0,0.0,4.0,20.0,2.0,25.0,60.0,0.16,1.0,0.0,1.0,0.25,-0.6577447590402095,0.0,3600.0,07/23,22:00:00,07/23
4895,5087,1900-07-23 23:00:00,26.0,22.0,79.0,0.0,118767.12328767125,0.0,0.0,0.0,0.0,0.0,0.0,27.11088662979769,26.834712233752104,22.076862006095375,3.3838268285862974,26.55853783770652,76.49346981243716,499.5161155019884,181020.60088767123,0.0,25.97476306096461,27.989707108580692,0.0,0.0,0.0,0.0,0.0,0.0,0.0,0.0,120.0,0.0,0.3,500.0,1.0,0.0,1.0,1.0,0.0,0.0,0.0,0.0,0.0,4.0,20.0,2.0,25.0,60.0,0.16,1.0,0.0,1.0,0.25,-0.5207703755489979,0.0,3600.0,07/23,23:00:00,07/23
4896,5088,1900-07-24 00:00:00,26.0,21.375,75.875,0.0,118767.12328767125,0.0,0.0,0.0,0.0,0.0,0.0,26.92615158775696,26.714819959729738,21.626780195943066,3.3542414999828973,26.50348833170252,74.62647671925477,516.3713022641886,181020.60088767123,0.0,25.718341590887704,27.569459950861628,0.0,0.0,0.0,0.0,0.0,0.0,0.0,0.0,120.0,0.0,0.3,500.0,1.0,0.0,1.0,1.0,0.0,0.0,0.0,0.0,0.0,4.0,20.0,2.0,25.0,60.0,0.16,1.0,0.0,1.0,0.25,-0.5717887784837838,0.0,3600.0,07/24,00:00:00,07/24
4897,5089,1900-07-24 01:00:00,26.0,21.625,77.125,0.0,118767.12328767125,0.0,0.0,0.0,0.0,0.0,0.0,26.80871843450544,26.680821117987705,21.801433640482173,3.5393617949957212,26.55292380146997,75.22915879660789,526.370687865987,181020.60088767123,0.0,25.698314725247982,27.953004315088336,0.0,0.0,0.0,0.0,0.0,0.0,0.0,0.0,120.0,0.0,0.3,500.0,1.0,0.0,1.0,1.0,0.0,0.0,0.0,0.0,0.0,4.0,20.0,2.0,25.0,60.0,0.16,1.0,0.0,1.0,0.25,-0.7088051269208959,0.0,3600.0,07/24,01:00:00,07/24
4898,5090,1900-07-24 02:00:00,26.0625,21.812500000000004,77.75,0.0,118767.12328767125,0.0,0.0,0.0,0.0,0.0,0.0,26.68367177955336,26.72888487888724,22.114136951123218,0.0,26.77409797822111,75.65506459469076,557.6384880415951,181020.60088767123,0.0,25.80047130827436,28.592936005947124,0.0,0.0,0.0,0.0,0.0,0.0,0.0,0.0,120.0,0.0,0.3,500.0,1.0,0.0,1.0,1.0,0.0,0.0,0.0,0.0,0.0,4.0,20.0,2.0,25.0,60.0,0.16,1.0,0.0,1.0,0.0,-0.5949093051203516,0.0,3600.0,07/24,02:00:00,07/24
4899,5091,1900-07-24 03:00:00,26.0375,21.8875,78.25,0.0,118767.12328767125,0.0,0.0,0.0,0.0,0.0,0.0,26.64861015618316,26.73195259839556,22.56785238794196,0.0,26.815295040607964,77.58495587901598,662.0206036297815,181020.60088767123,0.0,25.91343235425313,29.137068270198128,0.0,0.0,0.0,0.0,0.0,0.0,0.0,0.0,120.0,0.0,0.3,500.0,1.0,0.0,1.0,1.0,0.0,0.0,0.0,0.0,0.0,4.0,20.0,2.0,25.0,60.0,0.16,1.0,0.0,1.0,0.0,-0.7648424941034859,0.0,3600.0,07/24,03:00:00,07/24
4900,5092,1900-07-24 04:00:00,26.0,22.0,79.0,0.0,118767.12328767125,0.0,0.0,0.0,0.0,0.0,0.0,26.63388899256524,26.71673759965777,22.936215908222508,0.0,26.799586206750316,79.41014700548263,729.3996214247733,103950.47859155152,17401.293405308777,25.996803292621504,29.25340707934877,0.0,0.0,0.0,0.0,0.0,0.0,0.0,0.0,120.0,0.0,0.3,500.0,1.0,0.0,1.0,1.0,0.0,0.0,0.0,0.0,0.0,4.0,20.0,2.0,25.0,60.0,0.16,1.0,0.0,1.0,0.0,-0.795372872285391,0.0,1800.0,07/24,04:00:00,07/24
4901,5093,1900-07-24 05:00:00,26.0,22.0,79.0,0.0,118767.12328767125,0.0,0.0,0.0,0.0,0.0,0.0,26.831906449793387,26.90850320709483,23.23125850304653,0.0,26.985099964396284,79.96276887050047,783.7618263010938,0.0,282040.4456797263,26.320733195415375,29.704402128392346,0.0,0.0,0.0,0.0,0.0,0.0,0.0,0.0,120.0,0.0,0.3,500.0,1.0,0.0,1.0,1.0,0.0,0.0,0.0,0.0,0.0,4.0,20.0,2.0,25.0,60.0,0.16,1.0,0.0,1.0,0.0,-0.9174109664931364,0.0,0.0,07/24,05:00:00,07/24
4902,5094,1900-07-24 06:00:00,26.625,22.625,79.0,0.0,118767.12328767125,0.0,0.0,0.0,0.0,0.0,0.0,27.203058081702796,27.29818454816484,23.492974795566617,0.0,27.39331101462689,79.31516102959264,819.9501785661213,0.0,731906.9373644047,26.877226995622987,30.5554493384508,0.0,0.0,0.0,0.0,0.0,0.0,0.0,0.5,120.0,0.0,0.3,500.0,1.0,0.0,1.0,1.0,0.0,0.0,0.0,0.0,0.0,4.0,20.0,2.0,25.0,60.0,0.16,1.0,0.0,1.0,0.0,-0.8983219631316572,0.0,0.0,07/24,06:00:00,07/24
4903,5095,1900-07-24 07:00:00,28.25,23.0,73.375,0.0,118767.12328767125,0.0,0.0,0.0,0.0,0.0,0.0,27.615912287867648,27.74595550543564,23.87657304940468,0.0,27.875998723003622,78.91104399559151,851.5168010223408,0.0,2035611.1985697895,27.543597926504052,31.63425004658469,0.0,0.0,0.0,0.0,0.0,0.0,0.0,0.0,120.0,0.0,0.3,500.0,1.0,0.0,1.0,1.0,0.0,0.0,0.0,0.0,0.0,4.0,20.0,2.0,25.0,60.0,0.16,1.0,0.0,1.0,0.0,-0.002467735819045,0.0,0.0,07/24,07:00:00,07/24
4904,5096,1900-07-24 08:00:00,30.3125,22.500000000000004,63.125,0.0,118767.12328767125,0.0,0.0,0.0,0.0,0.0,0.0,28.090535227448576,28.26816225224672,24.099827550083308,0.0,28.44578927704486,77.37075763010144,859.8769479380712,0.0,3703807.516056094,28.2293545958468,32.770408697175,0.0,0.0,0.0,0.0,0.0,0.0,0.0,0.0,120.0,0.0,0.3,500.0,1.0,0.0,1.0,1.0,0.0,0.0,0.0,0.0,0.0,4.0,20.0,2.0,25.0,60.0,0.16,1.0,0.0,1.0,0.0,1.491837395421297,0.0,0.0,07/24,08:00:00,07/24
4905,5097,1900-07-24 09:00:00,32.2875,22.075,55.25,0.0,118767.12328767125,0.0,0.0,0.0,0.0,0.0,0.0,28.572937095037584,28.80030153769116,24.037835196677463,0.0,29.02766598034473,74.52907475565205,847.3510436006496,0.0,5118648.294842805,28.793344456822407,33.66410506418197,0.0,0.0,0.0,0.0,0.0,0.0,0.0,0.0,120.0,0.0,0.3,500.0,1.0,0.0,1.0,1.0,0.0,0.0,0.0,0.0,0.0,4.0,20.0,2.0,25.0,60.0,0.16,1.0,0.0,1.0,0.0,2.927021661794914,0.0,0.0,07/24,09:00:00,07/24
4906,5098,1900-07-24 10:00:00,34.875,21.375,46.125,0.0,118767.12328767125,0.0,0.0,0.0,0.0,0.0,0.0,29.028480282266717,29.311430445427984,23.869196965585775,0.0,29.594380608589265,71.40572667613705,828.4266270125584,0.0,6200767.858715848,29.26456694624284,34.37775513649554,0.0,0.0,0.0,0.0,0.0,0.0,0.0,0.0,120.0,0.0,0.3,500.0,1.0,0.0,1.0,1.0,0.0,0.0,0.0,0.0,0.0,4.0,20.0,2.0,25.0,60.0,0.16,1.0,0.0,1.0,0.0,4.671314609073328,0.0,0.0,07/24,10:00:00,07/24
4907,5099,1900-07-24 11:00:00,37.25,19.75,36.375,0.0,118767.12328767125,0.0,0.0,0.0,0.0,0.0,0.0,29.459575186045146,29.813360157494287,23.33161331373484,0.0,30.16714512894343,66.90606533108121,810.2768305969967,0.0,6753434.809568262,29.55345227957966,34.68558630062463,0.0,0.0,0.0,0.0,0.0,0.0,0.0,0.0,120.0,0.0,0.3,500.0,1.0,0.0,1.0,1.0,0.0,0.0,0.0,0.0,0.0,4.0,20.0,2.0,25.0,60.0,0.16,1.0,0.0,1.0,0.0,6.731083809850211,0.0,0.0,07/24,11:00:00,07/24
4908,5100,1900-07-24 12:00:00,38.625,18.375,30.5,0.0,118767.12328767125,0.0,0.0,0.0,0.0,0.0,0.0,29.90613319251141,30.284488180703264,22.27110490159077,0.0,30.662843168895122,60.98266560791971,784.6956135383882,0.0,6656308.440194776,29.62081750296864,34.37137693994799,0.0,0.0,0.0,0.0,0.0,0.0,0.0,0.0,120.0,0.0,0.3,500.0,1.0,0.0,1.0,1.0,0.0,0.0,0.0,0.0,0.0,4.0,20.0,2.0,25.0,60.0,0.16,1.0,0.0,1.0,0.0,7.815928855803775,0.0,0.0,07/24,12:00:00,07/24
4909,5101,1900-07-24 13:00:00,39.0,18.625,30.25,0.0,118767.12328767125,0.0,0.0,0.0,0.0,0.0,0.0,30.356254666454028,30.72851344132952,21.47617331746373,0.0,31.10077221620501,56.65313452500406,777.7087722594408,0.0,6050564.129465057,29.77862681553744,34.23763715018653,0.0,0.0,0.0,0.0,0.0,0.0,0.0,0.0,120.0,0.0,0.3,500.0,1.0,0.0,1.0,1.0,0.0,0.0,0.0,0.0,0.0,4.0,20.0,2.0,25.0,60.0,0.16,1.0,0.0,1.0,0.0,8.013986800359115,0.0,0.0,07/24,13:00:00,07/24
4910,5102,1900-07-24 14:00:00,39.625,17.5625,27.875,0.0,118767.12328767125,0.0,0.0,0.0,0.0,0.0,0.0,30.81169322746499,31.191292759707,20.99098504348963,0.0,31.570892291949,53.54310747853169,769.5393843836343,0.0,4980816.54009262,30.05179414084285,34.40977728463505,0.0,0.0,0.0,0.0,0.0,0.0,0.0,0.0,120.0,0.0,0.3,500.0,1.0,0.0,1.0,1.0,0.0,0.0,0.0,0.0,0.0,4.0,20.0,2.0,25.0,60.0,0.16,1.0,0.0,1.0,0.0,7.921996010429528,0.0,0.0,07/24,14:00:00,07/24
4911,5103,1900-07-24 15:00:00,39.375,16.8875,27.25,0.0,118767.12328767125,0.0,0.0,0.0,0.0,0.0,0.0,31.218209734615495,31.566827437510007,20.35536652957605,0.0,31.91544514040452,50.48631627195326,765.0173416229992,0.0,3392934.615267437,30.204082674808966,34.32441817939298,0.0,0.0,0.0,0.0,0.0,0.0,0.0,0.0,120.0,0.0,0.3,500.0,1.0,0.0,1.0,1.0,0.0,0.0,0.0,0.0,0.0,4.0,20.0,2.0,25.0,60.0,0.16,1.0,0.0,1.0,0.0,7.771930583149829,0.0,0.0,07/24,15:00:00,07/24
4912,5104,1900-07-24 16:00:00,38.375,17.0,28.625,0.0,118767.12328767125,0.0,0.0,0.0,0.0,0.0,0.0,31.541162560239894,31.815497134540166,20.050160837905278,0.0,32.08983170884044,49.05340634160153,771.4284327813288,0.0,1761100.5388241531,30.347281881684395,34.30120435471173,0.0,0.0,0.0,0.0,0.0,0.0,0.0,0.0,120.0,0.0,0.3,500.0,1.0,0.0,1.0,1.0,0.0,0.0,0.0,0.0,0.0,4.0,20.0,2.0,25.0,60.0,0.16,1.0,0.0,1.0,0.0,6.570708050329102,0.0,0.0,07/24,16:00:00,07/24
4913,5105,1900-07-24 17:00:00,37.375,17.625,31.5,0.0,118767.12328767125,0.0,0.0,0.0,0.0,0.0,0.0,31.736109344225635,31.97366162845323,19.99338861760659,0.0,32.211213912680826,48.54667944573898,782.8893445370497,0.0,454918.9287317649,30.473896260813497,34.39976942025464,0.0,0.0,0.0,0.0,0.0,0.0,0.0,0.0,120.0,0.0,0.3,500.0,1.0,0.0,1.0,1.0,0.0,0.0,0.0,0.0,0.0,4.0,20.0,2.0,25.0,60.0,0.16,1.0,0.0,1.0,0.0,5.438587436433704,0.0,0.0,07/24,17:00:00,07/24
4914,5106,1900-07-24 18:00:00,36.375,18.625,35.5,0.0,118767.12328767125,0.0,0.0,0.0,0.0,0.0,0.0,31.71658046973581,31.92373649929891,20.22364730749562,0.0,32.13089252886201,49.469833248168094,783.197806264141,10374.008273445594,69945.74537481516,30.49907198018645,34.475888039899985,0.0,0.0,0.0,0.0,0.0,0.0,0.0,0.5,120.0,0.0,0.3,500.0,1.0,0.0,1.0,1.0,0.0,0.0,0.0,0.0,0.0,4.0,20.0,2.0,25.0,60.0,0.16,1.0,0.0,1.0,0.0,4.448542681356846,0.0,0.0,07/24,18:00:00,07/24
4915,5107,1900-07-24 19:00:00,34.75,19.625,41.375,0.0,118767.12328767125,0.0,0.0,0.0,0.0,0.0,0.0,31.47842263775477,31.631371758221796,20.744313393340146,0.0,31.78432087868882,52.10202570189999,797.971934121616,181020.60088767123,0.0,30.4052092223462,34.46789569829439,0.0,0.0,0.0,0.0,0.0,0.0,0.0,0.0,120.0,0.0,0.3,500.0,1.0,0.0,1.0,1.0,0.0,0.0,0.0,0.0,0.0,4.0,20.0,2.0,25.0,60.0,0.16,1.0,0.0,1.0,0.0,3.3611761846126464,0.0,3600.0,07/24,19:00:00,07/24
4916,5108,1900-07-24 20:00:00,33.5625,20.0,45.25,0.0,118767.12328767125,0.0,0.0,0.0,0.0,0.0,0.0,31.22593262914099,31.33669362296373,21.399082557940556,0.0,31.44745461678647,55.28432471183985,835.5047611260304,181020.60088767123,0.0,30.352900940984128,34.594274790040856,0.0,0.0,0.0,0.0,0.0,0.0,0.0,0.0,120.0,0.0,0.3,500.0,1.0,0.0,1.0,1.0,0.0,0.0,0.0,0.0,0.0,4.0,20.0,2.0,25.0,60.0,0.16,1.0,0.0,1.0,0.0,2.2182777397755817,0.0,3600.0,07/24,20:00:00,07/24
4917,5109,1900-07-24 21:00:00,33.1125,20.0,46.0,0.0,118767.12328767125,0.0,0.0,0.0,0.0,0.0,0.0,30.981881852986156,31.08345926000442,21.93796989369672,0.0,31.18503666702269,57.99273630649857,878.792073310909,181020.60088767123,0.0,30.3029872562142,34.732998552370006,0.0,0.0,0.0,0.0,0.0,0.0,0.0,0.0,120.0,0.0,0.3,500.0,1.0,0.0,1.0,1.0,0.0,0.0,0.0,0.0,0.0,4.0,20.0,2.0,25.0,60.0,0.16,1.0,0.0,1.0,0.0,1.94054471362176,0.0,3600.0,07/24,21:00:00,07/24
4918,5110,1900-07-24 22:00:00,32.375,20.625,49.75,0.0,118767.12328767125,0.0,0.0,0.0,0.0,0.0,0.0,30.74551955771148,30.836883786392438,22.393005844540095,0.0,30.928248015073397,60.50204929015708,921.9234468794336,181020.60088767123,0.0,30.23721877917144,34.8169673847582,0.0,0.0,0.0,0.0,0.0,0.0,0.0,0.0,120.0,0.0,0.3,500.0,1.0,0.0,1.0,1.0,0.0,0.0,0.0,0.0,0.0,4.0,20.0,2.0,25.0,60.0,0.16,1.0,0.0,1.0,0.0,1.6290056099834924,0.0,3600.0,07/24,22:00:00,07/24
4919,5111,1900-07-24 23:00:00,30.75,21.0,56.375,0.0,118767.12328767125,0.0,0.0,0.0,0.0,0.0,0.0,30.506802990911584,30.569146290506215,22.910559220284465,0.0,30.63148959010084,63.499899957787626,968.763981799434,181020.60088767123,0.0,30.18301626022356,34.91335645537872,0.0,0.0,0.0,0.0,0.0,0.0,0.0,0.0,120.0,0.0,0.3,500.0,1.0,0.0,1.0,1.0,0.0,0.0,0.0,0.0,0.0,4.0,20.0,2.0,25.0,60.0,0.16,1.0,0.0,1.0,0.0,0.5412313290154218,0.0,3600.0,07/24,23:00:00,07/24
4920,5112,1900-07-25 00:00:00,29.375,21.0,60.875,0.0,118767.12328767125,0.0,0.0,0.0,0.0,0.0,0.0,30.27055286671005,30.181934370385544,22.80991712367716,1.346369352560385,30.09331587406104,65.0926236759825,895.9762125559732,181020.60088767123,0.0,29.81873164851236,34.1837280044016,0.0,0.0,0.0,0.0,0.0,0.0,0.0,0.0,120.0,0.0,0.3,500.0,1.0,0.0,1.0,1.0,0.0,0.0,0.0,0.0,0.0,4.0,20.0,2.0,25.0,60.0,0.16,1.0,0.0,1.0,0.25,-0.7887173148433382,0.0,3600.0,07/25,00:00:00,07/25
4921,5113,1900-07-25 01:00:00,28.375,21.0,64.5,0.0,118767.12328767125,0.0,0.0,0.0,0.0,0.0,0.0,29.865154707827607,29.56066984040194,20.56188428196662,1.564565296873425,29.25618497297627,59.60003375845483,410.7913703797076,181020.60088767123,0.0,28.513694603513173,31.39125301545597,0.0,0.0,0.0,0.0,0.0,0.0,0.0,0.0,120.0,0.0,0.3,500.0,1.0,0.0,1.0,1.0,0.0,0.0,0.0,0.0,0.0,4.0,20.0,2.0,25.0,60.0,0.16,1.0,0.0,1.0,0.25,-0.595523163150216,0.0,3600.0,07/25,01:00:00,07/25
4922,5114,1900-07-25 02:00:00,27.875,21.437500000000004,67.875,0.0,118767.12328767125,0.0,0.0,0.0,0.0,0.0,0.0,29.47603897177418,29.058361747299482,21.40662302062416,1.9512188155863224,28.640684522824785,64.98487938053034,514.7537305659824,181020.60088767123,0.0,28.26531730110093,31.15929833357578,0.0,0.0,0.0,0.0,0.0,0.0,0.0,0.0,120.0,0.0,0.3,500.0,1.0,0.0,1.0,1.0,0.0,0.0,0.0,0.0,0.0,4.0,20.0,2.0,25.0,60.0,0.16,1.0,0.0,1.0,0.5,-0.8584906580578711,0.0,3600.0,07/25,02:00:00,07/25
4923,5115,1900-07-25 03:00:00,27.925,21.8875,69.625,0.0,118767.12328767125,0.0,0.0,0.0,0.0,0.0,0.0,29.157393702918917,28.91808060591805,21.886011360010976,0.848820325695615,28.678767508917176,66.77314325519822,521.8867413969531,181020.60088767123,0.0,28.22873487388235,31.50432609295112,0.0,0.0,0.0,0.0,0.0,0.0,0.0,0.0,120.0,0.0,0.3,500.0,1.0,0.0,1.0,1.0,0.0,0.0,0.0,0.0,0.0,4.0,20.0,2.0,25.0,60.0,0.16,1.0,0.0,1.0,0.25,-0.7680919789712215,0.0,3600.0,07/25,03:00:00,07/25
4924,5116,1900-07-25 04:00:00,28.0,22.0,70.0,0.0,118767.12328767125,0.0,0.0,0.0,0.0,0.0,0.0,28.958275358256977,28.79575749656515,22.203789935779888,1.0367741755980018,28.63323963487332,68.24606423650043,530.4633878971609,134865.45066575345,17990.12580301349,28.18454782409743,31.65698781323608,0.0,0.0,0.0,0.0,0.0,0.0,0.0,0.0,120.0,0.0,0.3,500.0,1.0,0.0,1.0,1.0,0.0,0.0,0.0,0.0,0.0,4.0,20.0,2.0,25.0,60.0,0.16,1.0,0.0,1.0,0.25,-0.6261621491552187,0.0,1800.0,07/25,04:00:00,07/25
4925,5117,1900-07-25 05:00:00,28.0,22.0,70.0,0.0,118767.12328767125,0.0,0.0,0.0,0.0,0.0,0.0,29.030799567543813,29.09802951917962,22.73363337233844,0.0,29.165259470815418,68.33908045974076,635.3979832996412,0.0,300592.2054373047,28.63773516904906,32.774926567260486,0.0,0.0,0.0,0.0,0.0,0.0,0.0,0.0,120.0,0.0,0.3,500.0,1.0,0.0,1.0,1.0,0.0,0.0,0.0,0.0,0.0,4.0,20.0,2.0,25.0,60.0,0.16,1.0,0.0,1.0,0.0,-1.1162378802521884,0.0,0.0,07/25,05:00:00,07/25
4926,5118,1900-07-25 06:00:00,28.625,19.5,58.75,0.0,118767.12328767125,0.0,0.0,0.0,0.0,0.0,0.0,29.223224899058323,29.301184535726396,23.032382328848797,0.0,29.37914417239446,68.73239680340032,721.2671558487848,0.0,660501.0071174324,28.954270953739897,33.31495824341731,0.0,0.0,0.0,0.0,0.0,0.0,0.0,0.5,120.0,0.0,0.3,500.0,1.0,0.0,1.0,1.0,0.0,0.0,0.0,0.0,0.0,4.0,20.0,2.0,25.0,60.0,0.16,1.0,0.0,1.0,0.0,-0.9427416653615815,0.0,0.0,07/25,06:00:00,07/25
4927,5119,1900-07-25 07:00:00,29.625,15.5,43.25,0.0,118767.12328767125,0.0,0.0,0.0,0.0,0.0,0.0,29.077622531745494,29.16306504531919,22.549753275706017,0.0,29.24850755889288,67.26033807227019,783.2631836492907,0.0,376172.9457690029,28.638253466043775,32.75148599361316,0.0,0.0,0.0,0.0,0.0,0.0,0.0,0.0,120.0,0.0,0.3,500.0,1.0,0.0,1.0,1.0,0.0,0.0,0.0,0.0,0.0,4.0,20.0,2.0,25.0,60.0,0.16,1.0,0.0,1.0,0.0,0.0560564178774223,0.0,0.0,07/25,07:00:00,07/25
4928,5120,1900-07-25 08:00:00,27.937500000000004,16.0,49.25,0.0,118767.12328767125,0.0,0.0,0.0,0.0,0.0,0.0,28.978713947067863,29.008397159755056,21.50800422034019,0.0,29.03808037244225,63.88804640401341,816.2782314289848,0.0,752452.9654498445,28.15572628173612,31.72741083106679,0.0,0.0,0.0,0.0,0.0,0.0,0.0,0.0,120.0,0.0,0.3,500.0,1.0,0.0,1.0,1.0,0.0,0.0,0.0,0.0,0.0,4.0,20.0,2.0,25.0,60.0,0.16,1.0,0.0,1.0,0.0,-0.3265127375231138,0.0,0.0,07/25,08:00:00,07/25
4929,5121,1900-07-25 09:00:00,24.3875,19.575,76.625,0.0,118767.12328767125,0.0,0.0,0.0,0.0,0.0,0.0,29.00426563161492,28.95020624836829,21.438876029414736,0.0,28.896146865121658,64.14414314385218,855.0094569305744,0.0,1748781.979460646,28.09158515830473,31.50158197709824,0.0,0.0,0.0,0.0,0.0,0.0,0.0,0.0,120.0,0.0,0.3,500.0,1.0,0.0,1.0,1.0,0.0,0.0,0.0,0.0,0.0,4.0,20.0,2.0,25.0,60.0,0.16,1.0,0.0,1.0,0.0,-3.619079870463828,0.0,0.0,07/25,09:00:00,07/25
4930,5122,1900-07-25 10:00:00,23.625,21.0,85.25,0.0,118767.12328767125,0.0,0.0,0.0,0.0,0.0,0.0,28.889817489661255,28.844817258832563,21.967283740631498,0.0,28.799817028003876,66.62043783139595,894.4709709220647,0.0,912890.5562029472,28.1393460402804,31.72301489191137,0.0,0.0,0.0,0.0,0.0,0.0,0.0,0.0,120.0,0.0,0.3,500.0,1.0,0.0,1.0,1.0,0.0,0.0,0.0,0.0,0.0,4.0,20.0,2.0,25.0,60.0,0.16,1.0,0.0,1.0,0.0,-5.424415512513558,0.0,0.0,07/25,10:00:00,07/25
4931,5123,1900-07-25 11:00:00,24.0,21.0,83.0,0.0,118767.12328767125,0.0,0.0,0.0,0.0,0.0,0.0,28.839869251699877,28.79908688150405,22.48486169600858,0.0,28.758304511308214,68.9186229404718,951.2670992900812,0.0,1425656.304361808,28.25549672468113,32.02154862416676,0.0,0.0,0.0,0.0,0.0,0.0,0.0,0.0,120.0,0.0,0.3,500.0,1.0,0.0,1.0,1.0,0.0,0.0,0.0,0.0,0.0,4.0,20.0,2.0,25.0,60.0,0.16,1.0,0.0,1.0,0.0,-4.776827674601788,0.0,0.0,07/25,11:00:00,07/25
4932,5124,1900-07-25 12:00:00,27.125,21.0,69.875,0.0,118767.12328767125,0.0,0.0,0.0,0.0,0.0,0.0,29.061995414189557,29.07804852956845,22.798302025143855,0.0,29.09410164494734,68.88997684510022,968.0057670072092,0.0,3553983.793500596,28.650293824778934,32.72521870863479,0.0,0.0,0.0,0.0,0.0,0.0,0.0,0.0,120.0,0.0,0.3,500.0,1.0,0.0,1.0,1.0,0.0,0.0,0.0,0.0,0.0,4.0,20.0,2.0,25.0,60.0,0.16,1.0,0.0,1.0,0.0,-3.0707386599846815,0.0,0.0,07/25,12:00:00,07/25
4933,5125,1900-07-25 13:00:00,30.25,21.0,57.625,0.0,118767.12328767125,0.0,0.0,0.0,0.0,0.0,0.0,29.26772031533053,29.37670531166044,23.08748861813469,0.0,29.485690307990357,68.53915873234874,985.8472840518627,0.0,3187929.47647019,29.05305974826761,33.51242320473754,0.0,0.0,0.0,0.0,0.0,0.0,0.0,0.0,120.0,0.0,0.3,500.0,1.0,0.0,1.0,1.0,0.0,0.0,0.0,0.0,0.0,4.0,20.0,2.0,25.0,60.0,0.16,1.0,0.0,1.0,0.0,0.3095362069076124,0.0,0.0,07/25,13:00:00,07/25
4934,5126,1900-07-25 14:00:00,30.75,19.6875,51.875,0.0,118767.12328767125,0.0,0.0,0.0,0.0,0.0,0.0,29.431048341409735,29.54373571417201,23.14212642669635,0.0,29.65642308693427,68.0942850992152,982.5349998210412,0.0,2443092.785177532,29.24728255813976,33.79923594588255,0.0,0.0,0.0,0.0,0.0,0.0,0.0,0.0,120.0,0.0,0.3,500.0,1.0,0.0,1.0,1.0,0.0,0.0,0.0,0.0,0.0,4.0,20.0,2.0,25.0,60.0,0.16,1.0,0.0,1.0,0.0,1.2508063019456017,0.0,0.0,07/25,14:00:00,07/25
4935,5127,1900-07-25 15:00:00,30.85,20.2125,53.125,0.0,118767.12328767125,0.0,0.0,0.0,0.0,0.0,0.0,29.47329003511052,29.600154901363865,23.049451054124347,0.0,29.72701976761721,67.43796796652384,981.2487984308032,0.0,819591.7630743873,29.26841684593723,33.81627035140688,0.0,0.0,0.0,0.0,0.0,0.0,0.0,0.0,120.0,0.0,0.3,500.0,1.0,0.0,1.0,1.0,0.0,0.0,0.0,0.0,0.0,4.0,20.0,2.0,25.0,60.0,0.16,1.0,0.0,1.0,0.0,1.010748344255771,0.0,0.0,07/25,15:00:00,07/25
4936,5128,1900-07-25 16:00:00,31.0,21.625,57.5,0.0,118767.12328767125,0.0,0.0,0.0,0.0,0.0,0.0,29.422572140416573,29.55118064599451,23.21695722534667,0.0,29.679789151572443,68.31077471792311,974.4421229522828,0.0,378608.53903134586,29.28447280569516,33.899245115417294,0.0,0.0,0.0,0.0,0.0,0.0,0.0,0.0,120.0,0.0,0.3,500.0,1.0,0.0,1.0,1.0,0.0,0.0,0.0,0.0,0.0,4.0,20.0,2.0,25.0,60.0,0.16,1.0,0.0,1.0,0.0,1.3105153864068173,0.0,0.0,07/25,16:00:00,07/25
4937,5129,1900-07-25 17:00:00,31.0,22.625,61.5,0.0,118767.12328767125,0.0,0.0,0.0,0.0,0.0,0.0,29.40166955377047,29.52647323299917,23.62134117801837,0.0,29.651276912227857,70.1145828407781,975.191519950647,0.0,337107.4055100188,29.42348479266557,34.22970846165625,0.0,0.0,0.0,0.0,0.0,0.0,0.0,0.0,120.0,0.0,0.3,500.0,1.0,0.0,1.0,1.0,0.0,0.0,0.0,0.0,0.0,4.0,20.0,2.0,25.0,60.0,0.16,1.0,0.0,1.0,0.0,1.3413082775189995,0.0,0.0,07/25,17:00:00,07/25
4938,5130,1900-07-25 18:00:00,31.0,23.0,63.0,0.0,118767.12328767125,0.0,0.0,0.0,0.0,0.0,0.0,29.33349146478816,29.45923512587268,24.1276786492954,0.0,29.58497878695721,72.55844154956789,992.4403553870242,27182.401050985198,35241.0597078681,29.57276722280376,34.61874406100277,0.0,0.0,0.0,0.0,0.0,0.0,0.0,0.5,120.0,0.0,0.3,500.0,1.0,0.0,1.0,1.0,0.0,0.0,0.0,0.0,0.0,4.0,20.0,2.0,25.0,60.0,0.16,1.0,0.0,1.0,0.0,1.39522720943594,0.0,0.0,07/25,18:00:00,07/25
4939,5131,1900-07-25 19:00:00,30.375,23.625,67.375,0.0,118767.12328767125,0.0,0.0,0.0,0.0,0.0,0.0,29.23648376103988,29.356357495518143,24.561533745395213,0.0,29.476231229996408,74.93764188655759,1000.578654896466,181020.60088767123,0.0,29.66874719176213,34.88683471428564,0.0,0.0,0.0,0.0,0.0,0.0,0.0,0.0,120.0,0.0,0.3,500.0,1.0,0.0,1.0,1.0,0.0,0.0,0.0,0.0,0.0,4.0,20.0,2.0,25.0,60.0,0.16,1.0,0.0,1.0,0.0,1.11570203226104,0.0,3600.0,07/25,19:00:00,07/25
4940,5132,1900-07-25 20:00:00,30.0,24.25,71.25,0.0,118767.12328767125,0.0,0.0,0.0,0.0,0.0,0.0,29.145819227036966,29.255439827654808,25.02016682260797,0.0,29.36506042827265,77.51295680231357,1003.8949387681996,181020.60088767123,0.0,29.791101193562447,35.187316065752015,0.0,0.0,0.0,0.0,0.0,0.0,0.0,0.0,120.0,0.0,0.3,500.0,1.0,0.0,1.0,1.0,0.0,0.0,0.0,0.0,0.0,4.0,20.0,2.0,25.0,60.0,0.16,1.0,0.0,1.0,0.0,0.6132211127027309,0.0,3600.0,07/25,20:00:00,07/25
4941,5133,1900-07-25 21:00:00,30.0,23.525,68.25,0.0,118767.12328767125,0.0,0.0,0.0,0.0,0.0,0.0,29.062908224515695,29.178541339602972,25.36766635671118,0.0,29.294174454690243,79.45488052817201,1004.4648484462896,181020.60088767123,0.0,29.88951871728059,35.443956228684705,0.0,0.0,0.0,0.0,0.0,0.0,0.0,0.0,120.0,0.0,0.3,500.0,1.0,0.0,1.0,1.0,0.0,0.0,0.0,0.0,0.0,4.0,20.0,2.0,25.0,60.0,0.16,1.0,0.0,1.0,0.0,0.6893687461371876,0.0,3600.0,07/25,21:00:00,07/25
4942,5134,1900-07-25 22:00:00,29.375,22.375,66.0,0.0,118767.12328767125,0.0,0.0,0.0,0.0,0.0,0.0,28.981342996113057,29.088701836164603,25.26707879709005,0.0,29.196060676216145,79.42944159227457,976.5829582236364,181020.60088767123,0.0,29.73793255383977,35.16283320436472,0.0,0.0,0.0,0.0,0.0,0.0,0.0,0.0,120.0,0.0,0.3,500.0,1.0,0.0,1.0,1.0,0.0,0.0,0.0,0.0,0.0,4.0,20.0,2.0,25.0,60.0,0.16,1.0,0.0,1.0,0.0,0.3965585853435129,0.0,3600.0,07/25,22:00:00,07/25
4943,5135,1900-07-25 23:00:00,29.0,22.0,66.0,0.0,118767.12328767125,0.0,0.0,0.0,0.0,0.0,0.0,28.89687262341921,28.99042310105644,24.86858271052415,0.0,29.08397357869367,78.07016013767384,932.390651567018,181020.60088767123,0.0,29.426713837010038,34.552905807310296,0.0,0.0,0.0,0.0,0.0,0.0,0.0,0.0,120.0,0.0,0.3,500.0,1.0,0.0,1.0,1.0,0.0,0.0,0.0,0.0,0.0,4.0,20.0,2.0,25.0,60.0,0.16,1.0,0.0,1.0,0.0,-0.104429546023546,0.0,3600.0,07/25,23:00:00,07/25
4944,5136,1900-07-26 00:00:00,29.0,22.0,66.0,0.0,118767.12328767125,0.0,0.0,0.0,0.0,0.0,0.0,28.821468255970377,28.919826345932368,24.554593967436283,0.0,29.01818443589436,76.91084499853491,902.921820464616,181020.60088767123,0.0,29.198431541751415,34.13257426102173,0.0,0.0,0.0,0.0,0.0,0.0,0.0,0.0,120.0,0.0,0.3,500.0,1.0,0.0,1.0,1.0,0.0,0.0,0.0,0.0,0.0,4.0,20.0,2.0,25.0,60.0,0.16,1.0,0.0,1.0,0.0,-0.0343246154166774,0.0,3600.0,07/26,00:00:00,07/26
4945,5137,1900-07-26 01:00:00,28.375,22.0,68.5,0.0,118767.12328767125,0.0,0.0,0.0,0.0,0.0,0.0,28.74655675426557,28.83143927908683,24.34564610112104,0.0,28.91632180390809,76.4033233740978,884.1120804795873,181020.60088767123,0.0,29.008628185798944,33.76724438670254,0.0,0.0,0.0,0.0,0.0,0.0,0.0,0.0,120.0,0.0,0.3,500.0,1.0,0.0,1.0,1.0,0.0,0.0,0.0,0.0,0.0,4.0,20.0,2.0,25.0,60.0,0.16,1.0,0.0,1.0,0.0,-0.3244960399098895,0.0,3600.0,07/26,01:00:00,07/26
4946,5138,1900-07-26 02:00:00,27.875,21.4375,68.125,0.0,118767.12328767125,0.0,0.0,0.0,0.0,0.0,0.0,28.66126994459573,28.73189386128873,24.266488848405217,0.0,28.80251777798172,76.54442601042356,891.1595550846753,181020.60088767123,0.0,28.865776839437935,33.507843327917534,0.0,0.0,0.0,0.0,0.0,0.0,0.0,0.0,120.0,0.0,0.3,500.0,1.0,0.0,1.0,1.0,0.0,0.0,0.0,0.0,0.0,4.0,20.0,2.0,25.0,60.0,0.16,1.0,0.0,1.0,0.0,-0.8994452615334332,0.0,3600.0,07/26,02:00:00,07/26
4947,5139,1900-07-26 03:00:00,27.3,21.0375,68.875,0.0,118767.12328767125,0.0,0.0,0.0,0.0,0.0,0.0,28.51778341233232,28.28614297198443,21.25430365374529,2.174307255725248,28.05450253163653,66.85115122248084,536.491816109557,181020.60088767123,0.0,27.486032326435375,30.526748610167733,0.0,0.0,0.0,0.0,0.0,0.0,0.0,0.0,120.0,0.0,0.3,500.0,1.0,0.0,1.0,1.0,0.0,0.0,0.0,0.0,0.0,4.0,20.0,2.0,25.0,60.0,0.16,1.0,0.0,1.0,0.25,-0.6810046980522708,0.0,3600.0,07/26,03:00:00,07/26
4948,5140,1900-07-26 04:00:00,26.375,20.375,70.0,0.0,118767.12328767125,0.0,0.0,0.0,0.0,0.0,0.0,28.26383543164765,27.72154555968826,20.592812216994403,4.216960507253935,27.17925568772887,67.32845845617366,501.09557489648046,134865.45066575345,15646.92569076396,26.69538377140732,28.66897588609005,0.0,0.0,0.0,0.0,0.0,0.0,0.0,0.0,120.0,0.0,0.3,500.0,1.0,0.0,1.0,1.0,0.0,0.0,0.0,0.0,0.0,4.0,20.0,2.0,25.0,60.0,0.16,1.0,0.0,1.0,0.5,-0.7796754023174168,0.0,1800.0,07/26,04:00:00,07/26
4949,5141,1900-07-26 05:00:00,26.0,20.0,70.0,0.0,118767.12328767125,0.0,0.0,0.0,0.0,0.0,0.0,28.281777995132284,28.192429039196128,20.74008503975525,0.0,28.103080083259968,64.34362381521393,568.8303836766424,0.0,285899.7276174745,27.146943985649735,30.12716014434992,0.0,0.0,0.0,0.0,0.0,0.0,0.0,0.0,120.0,0.0,0.3,500.0,1.0,0.0,1.0,1.0,0.0,0.0,0.0,0.0,0.0,4.0,20.0,2.0,25.0,60.0,0.16,1.0,0.0,1.0,0.0,-2.004659385069759,0.0,0.0,07/26,05:00:00,07/26
4950,5142,1900-07-26 06:00:00,26.625,19.375,65.0,0.0,118767.12328767125,0.0,0.0,0.0,0.0,0.0,0.0,28.55086136190048,28.602120332644823,21.21772286950172,0.0,28.65337930338917,64.17396104850987,671.289868454826,0.0,797419.2099103867,27.671139487991923,31.063241910465184,0.0,0.0,0.0,0.0,0.0,0.0,0.0,0.5,120.0,0.0,0.3,500.0,1.0,0.0,1.0,1.0,0.0,0.0,0.0,0.0,0.0,4.0,20.0,2.0,25.0,60.0,0.16,1.0,0.0,1.0,0.0,-2.179243203124368,0.0,0.0,07/26,06:00:00,07/26
4951,5143,1900-07-26 07:00:00,27.625,19.0,59.5,0.0,118767.12328767125,0.0,0.0,0.0,0.0,0.0,0.0,28.78099438259261,28.84314029097099,21.45261117546555,0.0,28.90528619934937,64.1617456409055,748.6615282385618,0.0,1539954.9392151185,27.983269984623664,31.522149102973017,0.0,0.0,0.0,0.0,0.0,0.0,0.0,0.0,120.0,0.0,0.3,500.0,1.0,0.0,1.0,1.0,0.0,0.0,0.0,0.0,0.0,4.0,20.0,2.0,25.0,60.0,0.16,1.0,0.0,1.0,0.0,-1.4738392827010793,0.0,0.0,07/26,07:00:00,07/26
4952,5144,1900-07-26 08:00:00,27.875,19.625,61.125,0.0,118767.12328767125,0.0,0.0,0.0,0.0,0.0,0.0,29.05690774571685,29.110269105135643,21.53904888542989,0.0,29.16363046455444,63.545898965817535,789.9779791269688,0.0,2392945.652322552,28.284275430270014,31.90402954199569,0.0,0.0,0.0,0.0,0.0,0.0,0.0,0.0,120.0,0.0,0.3,500.0,1.0,0.0,1.0,1.0,0.0,0.0,0.0,0.0,0.0,4.0,20.0,2.0,25.0,60.0,0.16,1.0,0.0,1.0,0.0,-1.1762031824583516,0.0,0.0,07/26,08:00:00,07/26
4953,5145,1900-07-26 09:00:00,27.925,20.0,62.375,0.0,118767.12328767125,0.0,0.0,0.0,0.0,0.0,0.0,29.355029954201846,29.395663622127465,21.717394847553162,0.0,29.436297290053083,63.23992890636053,804.8842793913177,0.0,3039336.806674436,28.627870630205106,32.3721286297226,0.0,0.0,0.0,0.0,0.0,0.0,0.0,0.0,120.0,0.0,0.3,500.0,1.0,0.0,1.0,1.0,0.0,0.0,0.0,0.0,0.0,4.0,20.0,2.0,25.0,60.0,0.16,1.0,0.0,1.0,0.0,-1.4836346194040866,0.0,0.0,07/26,09:00:00,07/26
4954,5146,1900-07-26 10:00:00,28.0,20.0,62.0,0.0,118767.12328767125,0.0,0.0,0.0,0.0,0.0,0.0,29.65040147518487,29.68493493891797,21.93763263519096,0.0,29.71946840265107,63.05956146562667,828.3423288711499,0.0,3553809.866418298,28.986991133865693,32.89410392825858,0.0,0.0,0.0,0.0,0.0,0.0,0.0,0.0,120.0,0.0,0.3,500.0,1.0,0.0,1.0,1.0,0.0,0.0,0.0,0.0,0.0,4.0,20.0,2.0,25.0,60.0,0.16,1.0,0.0,1.0,0.0,-1.6596578649342941,0.0,0.0,07/26,10:00:00,07/26
4955,5147,1900-07-26 11:00:00,29.25,20.0,57.625,0.0,118767.12328767125,0.0,0.0,0.0,0.0,0.0,0.0,29.92008648448112,29.96924401006614,22.05963607396572,0.0,30.018401535651172,62.44952935696172,837.9475354058361,0.0,3892710.724518741,29.305168353054533,33.37047324140472,0.0,0.0,0.0,0.0,0.0,0.0,0.0,0.0,120.0,0.0,0.3,500.0,1.0,0.0,1.0,1.0,0.0,0.0,0.0,0.0,0.0,4.0,20.0,2.0,25.0,60.0,0.16,1.0,0.0,1.0,0.0,-1.1752666735417954,0.0,0.0,07/26,11:00:00,07/26
4956,5148,1900-07-26 12:00:00,30.0,20.0,55.0,0.0,118767.12328767125,0.0,0.0,0.0,0.0,0.0,0.0,30.189051437135095,30.26457942483705,22.15220781085324,0.0,30.340107412538988,61.65444489335527,845.222895344242,0.0,3828463.504807146,29.61934123552546,33.85638962903122,0.0,0.0,0.0,0.0,0.0,0.0,0.0,0.0,120.0,0.0,0.3,500.0,1.0,0.0,1.0,1.0,0.0,0.0,0.0,0.0,0.0,4.0,20.0,2.0,25.0,60.0,0.16,1.0,0.0,1.0,0.0,-0.277384280722921,0.0,0.0,07/26,12:00:00,07/26
4957,5149,1900-07-26 13:00:00,29.375,20.0,56.875,0.0,118767.12328767125,0.0,0.0,0.0,0.0,0.0,0.0,30.433802707985,30.479660184867807,22.28007926071605,0.0,30.52551766175062,61.48056850233092,861.2508788658462,0.0,3621198.674377688,29.8778564292311,34.20209164752344,0.0,0.0,0.0,0.0,0.0,0.0,0.0,0.0,120.0,0.0,0.3,500.0,1.0,0.0,1.0,1.0,0.0,0.0,0.0,0.0,0.0,4.0,20.0,2.0,25.0,60.0,0.16,1.0,0.0,1.0,0.0,-0.8614499326797711,0.0,0.0,07/26,13:00:00,07/26
4958,5150,1900-07-26 14:00:00,25.8125,19.3125,68.0,0.0,118767.12328767125,0.0,0.0,0.0,0.0,0.0,0.0,30.58572461622282,30.507336126922183,22.271297069061166,0.0,30.42894763762154,61.78835337189225,863.7195830226794,0.0,3295305.463234638,29.922724086238055,34.07193641863897,0.0,0.0,0.0,0.0,0.0,0.0,0.0,0.0,120.0,0.0,0.3,500.0,1.0,0.0,1.0,1.0,0.0,0.0,0.0,0.0,0.0,4.0,20.0,2.0,25.0,60.0,0.16,1.0,0.0,1.0,0.0,-3.4288160657752815,0.0,0.0,07/26,14:00:00,07/26
4959,5151,1900-07-26 15:00:00,22.0875,18.9625,82.75,0.0,118767.12328767125,0.0,0.0,0.0,0.0,0.0,0.0,30.344048894744876,30.143257427766937,21.807341753597655,0.0,29.942465960789008,61.76313302125139,827.9768459657803,0.0,872953.8210655823,29.4365505463969,33.07780069679837,0.0,0.0,0.0,0.0,0.0,0.0,0.0,0.0,120.0,0.0,0.3,500.0,1.0,0.0,1.0,1.0,0.0,0.0,0.0,0.0,0.0,4.0,20.0,2.0,25.0,60.0,0.16,1.0,0.0,1.0,0.0,-7.242296906927338,0.0,0.0,07/26,15:00:00,07/26
4960,5152,1900-07-26 16:00:00,20.375,18.375,88.0,0.0,118767.12328767125,0.0,0.0,0.0,0.0,0.0,0.0,29.97051265858653,29.70507569413245,21.321711494676848,0.0,29.43963872967837,61.71440715711664,803.3486068767065,0.0,362610.4654594704,28.8705979721961,32.10368717377561,0.0,0.0,0.0,0.0,0.0,0.0,0.0,0.0,120.0,0.0,0.3,500.0,1.0,0.0,1.0,1.0,0.0,0.0,0.0,0.0,0.0,4.0,20.0,2.0,25.0,60.0,0.16,1.0,0.0,1.0,0.0,-8.950920890816128,0.0,0.0,07/26,16:00:00,07/26
4961,5153,1900-07-26 17:00:00,20.0,18.0,88.0,0.0,118767.12328767125,0.0,0.0,0.0,0.0,0.0,0.0,29.569563079934134,29.317786878047816,20.72454622984288,0.0,29.066010676161497,60.78779049961504,781.7650150585397,3327.798850355791,64420.39096453141,28.31307888411413,31.270589348760947,0.0,0.0,0.0,0.0,0.0,0.0,0.0,0.0,120.0,0.0,0.3,500.0,1.0,0.0,1.0,1.0,0.0,0.0,0.0,0.0,0.0,4.0,20.0,2.0,25.0,60.0,0.16,1.0,0.0,1.0,0.0,-9.127222866252206,0.0,0.0,07/26,17:00:00,07/26
4962,5154,1900-07-26 18:00:00,19.375,18.0,91.75,0.0,118767.12328767125,0.0,0.0,0.0,0.0,0.0,0.0,29.193202219367983,28.93532639407192,20.438616345543096,0.0,28.677450568775853,61.084559305918646,785.8379213296089,102998.0578054108,0.0,27.8595990548726,30.652929991845944,0.0,0.0,0.0,0.0,0.0,0.0,0.0,0.5,120.0,0.0,0.3,500.0,1.0,0.0,1.0,1.0,0.0,0.0,0.0,0.0,0.0,4.0,20.0,2.0,25.0,60.0,0.16,1.0,0.0,1.0,0.0,-9.181540214659831,0.0,0.0,07/26,18:00:00,07/26
4963,5155,1900-07-26 19:00:00,19.625,18.0,90.25,0.0,118767.12328767125,0.0,0.0,0.0,0.0,0.0,0.0,28.31803629492397,26.055894677225567,18.6440721966242,6.517930700946481,23.793753059527173,74.11009756039599,584.1565311424035,181020.60088767123,0.0,24.82689426959225,24.49556581433338,0.0,0.0,0.0,0.0,0.0,0.0,0.0,0.0,120.0,0.0,0.3,500.0,1.0,0.0,1.0,1.0,0.0,0.0,0.0,0.0,0.0,4.0,20.0,2.0,25.0,60.0,0.16,1.0,0.0,1.0,0.5,-6.668626615556475,0.0,3600.0,07/26,19:00:00,07/26
4964,5156,1900-07-26 20:00:00,20.0,17.5,85.5,0.0,118767.12328767125,0.0,0.0,0.0,0.0,0.0,0.0,26.533966710118385,24.72482820340696,17.65554084926799,4.53376607772052,22.915689696695544,72.92537189480363,512.3665460637104,181020.60088767123,0.0,23.165670176002564,23.16316260493412,0.0,0.0,0.0,0.0,0.0,0.0,0.0,0.0,120.0,0.0,0.3,500.0,1.0,0.0,1.0,1.0,0.0,0.0,0.0,0.0,0.0,4.0,20.0,2.0,25.0,60.0,0.16,1.0,0.0,1.0,0.5,-3.3917330909628136,0.0,3600.0,07/26,20:00:00,07/26
4965,5157,1900-07-26 21:00:00,19.375,17.075,86.5,0.0,118767.12328767125,0.0,0.0,0.0,0.0,0.0,0.0,25.4568488287902,23.739057340751764,17.16006133439337,4.714052224059077,22.021265852713316,74.66386947933418,512.2326073519138,181020.60088767123,0.0,22.04894968537096,22.225389923241103,0.0,0.0,0.0,0.0,0.0,0.0,0.0,0.0,120.0,0.0,0.3,500.0,1.0,0.0,1.0,1.0,0.0,0.0,0.0,0.0,0.0,4.0,20.0,2.0,25.0,60.0,0.16,1.0,0.0,1.0,0.5,-3.1166464070522797,0.0,3600.0,07/26,21:00:00,07/26
4966,5158,1900-07-26 22:00:00,19.0,17.0,88.0,0.0,118767.12328767125,0.0,0.0,0.0,0.0,0.0,0.0,24.46031704086784,22.9021469871629,17.01169578936882,5.114592144023764,21.343976933457984,76.94329764530028,511.85866386091527,181020.60088767123,0.0,21.13686975066125,21.53998417946695,0.0,0.0,0.0,0.0,0.0,0.0,0.0,0.0,120.0,0.0,0.3,500.0,1.0,0.0,1.0,1.0,0.0,0.0,0.0,0.0,0.0,4.0,20.0,2.0,25.0,60.0,0.16,1.0,0.0,1.0,0.5,-2.7920967439677438,0.0,3600.0,07/26,22:00:00,07/26
4967,5159,1900-07-26 23:00:00,19.0,16.375,84.875,0.0,118767.12328767125,0.0,0.0,0.0,0.0,0.0,0.0,23.74985080530594,22.3974728636589,16.57342683457543,5.165072092628575,21.045094922011856,75.9652993560275,511.9255336150548,181020.6008876712,0.0,20.55378410219309,21.186568917295286,0.0,0.0,0.0,0.0,0.0,0.0,0.0,0.0,120.0,0.0,0.3,500.0,1.0,0.0,1.0,1.0,0.0,0.0,0.0,0.0,0.0,4.0,20.0,2.0,25.0,60.0,0.16,1.0,0.0,1.0,0.5,-2.4556900563248787,0.0,3600.0,07/26,23:00:00,07/26
